[{"model": "admin.logentry", "pk": 1, "fields": {"action_time": "2023-06-17T22:20:56.014Z", "user": 1, "content_type": 13, "object_id": "1", "object_repr": "Cakes", "action_flag": 1, "change_message": "[{\"added\": {}}]"}}, {"model": "admin.logentry", "pk": 2, "fields": {"action_time": "2023-06-17T22:27:10.345Z", "user": 1, "content_type": 13, "object_id": "2", "object_repr": "Cookies", "action_flag": 1, "change_message": "[{\"added\": {}}]"}}, {"model": "admin.logentry", "pk": 3, "fields": {"action_time": "2023-06-17T22:29:28.219Z", "user": 1, "content_type": 13, "object_id": "3", "object_repr": "Cup cakes", "action_flag": 1, "change_message": "[{\"added\": {}}]"}}, {"model": "admin.logentry", "pk": 4, "fields": {"action_time": "2023-06-17T22:47:20.755Z", "user": 1, "content_type": 13, "object_id": "4", "object_repr": "Pasteries", "action_flag": 1, "change_message": "[{\"added\": {}}]"}}, {"model": "admin.logentry", "pk": 5, "fields": {"action_time": "2023-06-17T22:48:34.861Z", "user": 1, "content_type": 13, "object_id": "3", "object_repr": "Cup cakes", "action_flag": 2, "change_message": "[{\"changed\": {\"fields\": [\"Banner image\"]}}]"}}, {"model": "admin.logentry", "pk": 6, "fields": {"action_time": "2023-06-17T22:49:55.095Z", "user": 1, "content_type": 13, "object_id": "2", "object_repr": "Cookies", "action_flag": 2, "change_message": "[{\"changed\": {\"fields\": [\"Banner image\"]}}]"}}, {"model": "admin.logentry", "pk": 7, "fields": {"action_time": "2023-06-17T22:50:08.162Z", "user": 1, "content_type": 13, "object_id": "1", "object_repr": "Cakes", "action_flag": 2, "change_message": "[{\"changed\": {\"fields\": [\"Banner image\"]}}]"}}, {"model": "admin.logentry", "pk": 8, "fields": {"action_time": "2023-06-17T22:57:11.898Z", "user": 1, "content_type": 13, "object_id": "5", "object_repr": "Finger foods", "action_flag": 1, "change_message": "[{\"added\": {}}]"}}, {"model": "admin.logentry", "pk": 9, "fields": {"action_time": "2023-06-17T22:57:52.255Z", "user": 1, "content_type": 11, "object_id": "1", "object_repr": "Peanut butter", "action_flag": 1, "change_message": "[{\"added\": {}}]"}}, {"model": "admin.logentry", "pk": 10, "fields": {"action_time": "2023-06-17T22:58:02.486Z", "user": 1, "content_type": 11, "object_id": "2", "object_repr": "Chocolate", "action_flag": 1, "change_message": "[{\"added\": {}}]"}}, {"model": "admin.logentry", "pk": 11, "fields": {"action_time": "2023-06-17T22:58:09.205Z", "user": 1, "content_type": 11, "object_id": "3", "object_repr": "Jam", "action_flag": 1, "change_message": "[{\"added\": {}}]"}}, {"model": "admin.logentry", "pk": 12, "fields": {"action_time": "2023-06-17T22:58:46.333Z", "user": 1, "content_type": 12, "object_id": "1", "object_repr": "Chocolate", "action_flag": 1, "change_message": "[{\"added\": {}}]"}}, {"model": "admin.logentry", "pk": 13, "fields": {"action_time": "2023-06-17T22:59:00.122Z", "user": 1, "content_type": 12, "object_id": "2", "object_repr": "Sugar glaze", "action_flag": 1, "change_message": "[{\"added\": {}}]"}}, {"model": "admin.logentry", "pk": 14, "fields": {"action_time": "2023-06-17T22:59:10.458Z", "user": 1, "content_type": 12, "object_id": "3", "object_repr": "Powdered sugar", "action_flag": 1, "change_message": "[{\"added\": {}}]"}}, {"model": "admin.logentry", "pk": 15, "fields": {"action_time": "2023-06-17T22:59:40.538Z", "user": 1, "content_type": 12, "object_id": "2", "object_repr": "Sugar", "action_flag": 2, "change_message": "[{\"changed\": {\"fields\": [\"Name\"]}}]"}}, {"model": "admin.logentry", "pk": 16, "fields": {"action_time": "2023-06-17T23:00:02.026Z", "user": 1, "content_type": 12, "object_id": "4", "object_repr": "Chocolate with spinkles", "action_flag": 1, "change_message": "[{\"added\": {}}]"}}, {"model": "admin.logentry", "pk": 17, "fields": {"action_time": "2023-06-17T23:00:25.070Z", "user": 1, "content_type": 12, "object_id": "5", "object_repr": "Sugar with sprinkles", "action_flag": 1, "change_message": "[{\"added\": {}}]"}}, {"model": "admin.logentry", "pk": 18, "fields": {"action_time": "2023-06-17T23:00:57.340Z", "user": 1, "content_type": 7, "object_id": "1", "object_repr": "Butter cream", "action_flag": 1, "change_message": "[{\"added\": {}}]"}}, {"model": "admin.logentry", "pk": 19, "fields": {"action_time": "2023-06-17T23:01:12.436Z", "user": 1, "content_type": 7, "object_id": "2", "object_repr": "Whipped cream", "action_flag": 1, "change_message": "[{\"added\": {}}]"}}, {"model": "admin.logentry", "pk": 20, "fields": {"action_time": "2023-06-17T23:01:34.937Z", "user": 1, "content_type": 10, "object_id": "1", "object_repr": "6 inch", "action_flag": 1, "change_message": "[{\"added\": {}}]"}}, {"model": "admin.logentry", "pk": 21, "fields": {"action_time": "2023-06-17T23:02:13.912Z", "user": 1, "content_type": 10, "object_id": "2", "object_repr": "9 inch", "action_flag": 1, "change_message": "[{\"added\": {}}]"}}, {"model": "admin.logentry", "pk": 22, "fields": {"action_time": "2023-06-17T23:02:27.723Z", "user": 1, "content_type": 8, "object_id": "1", "object_repr": "Sprinkles", "action_flag": 1, "change_message": "[{\"added\": {}}]"}}, {"model": "admin.logentry", "pk": 23, "fields": {"action_time": "2023-06-17T23:02:40.424Z", "user": 1, "content_type": 8, "object_id": "2", "object_repr": "Oreo", "action_flag": 1, "change_message": "[{\"added\": {}}]"}}, {"model": "admin.logentry", "pk": 24, "fields": {"action_time": "2023-06-17T23:02:52.116Z", "user": 1, "content_type": 8, "object_id": "3", "object_repr": "Cake crumble", "action_flag": 1, "change_message": "[{\"added\": {}}]"}}, {"model": "admin.logentry", "pk": 25, "fields": {"action_time": "2023-06-17T23:03:02.913Z", "user": 1, "content_type": 8, "object_id": "4", "object_repr": "Strawberry", "action_flag": 1, "change_message": "[{\"added\": {}}]"}}, {"model": "admin.logentry", "pk": 26, "fields": {"action_time": "2023-06-17T23:03:12.837Z", "user": 1, "content_type": 8, "object_id": "5", "object_repr": "Grapes", "action_flag": 1, "change_message": "[{\"added\": {}}]"}}, {"model": "admin.logentry", "pk": 27, "fields": {"action_time": "2023-06-17T23:05:11.991Z", "user": 1, "content_type": 9, "object_id": "1", "object_repr": "Meat pie", "action_flag": 1, "change_message": "[{\"added\": {}}]"}}, {"model": "admin.logentry", "pk": 28, "fields": {"action_time": "2023-06-17T23:06:00.298Z", "user": 1, "content_type": 9, "object_id": "2", "object_repr": "Red velvet cake", "action_flag": 1, "change_message": "[{\"added\": {}}]"}}, {"model": "admin.logentry", "pk": 29, "fields": {"action_time": "2023-06-17T23:07:28.126Z", "user": 1, "content_type": 9, "object_id": "3", "object_repr": "Carrot cake", "action_flag": 1, "change_message": "[{\"added\": {}}]"}}, {"model": "admin.logentry", "pk": 30, "fields": {"action_time": "2023-06-17T23:08:10.333Z", "user": 1, "content_type": 9, "object_id": "4", "object_repr": "Coconut cake", "action_flag": 1, "change_message": "[{\"added\": {}}]"}}, {"model": "admin.logentry", "pk": 31, "fields": {"action_time": "2023-06-17T23:08:54.731Z", "user": 1, "content_type": 9, "object_id": "5", "object_repr": "Lemon Cake", "action_flag": 1, "change_message": "[{\"added\": {}}]"}}, {"model": "admin.logentry", "pk": 32, "fields": {"action_time": "2023-06-17T23:09:55.265Z", "user": 1, "content_type": 9, "object_id": "6", "object_repr": "Samosa", "action_flag": 1, "change_message": "[{\"added\": {}}]"}}, {"model": "admin.logentry", "pk": 33, "fields": {"action_time": "2023-06-17T23:10:32.029Z", "user": 1, "content_type": 9, "object_id": "7", "object_repr": "Spring roll", "action_flag": 1, "change_message": "[{\"added\": {}}]"}}, {"model": "admin.logentry", "pk": 34, "fields": {"action_time": "2023-06-17T23:11:26.283Z", "user": 1, "content_type": 9, "object_id": "8", "object_repr": "Fish roll", "action_flag": 1, "change_message": "[{\"added\": {}}]"}}, {"model": "admin.logentry", "pk": 35, "fields": {"action_time": "2023-06-17T23:13:06.079Z", "user": 1, "content_type": 9, "object_id": "9", "object_repr": "Egg roll", "action_flag": 1, "change_message": "[{\"added\": {}}]"}}, {"model": "admin.logentry", "pk": 36, "fields": {"action_time": "2023-06-17T23:14:23.755Z", "user": 1, "content_type": 9, "object_id": "10", "object_repr": "Vanilla cake", "action_flag": 1, "change_message": "[{\"added\": {}}]"}}, {"model": "admin.logentry", "pk": 37, "fields": {"action_time": "2023-06-17T23:15:18.295Z", "user": 1, "content_type": 9, "object_id": "11", "object_repr": "Chocolate cupcake", "action_flag": 1, "change_message": "[{\"added\": {}}]"}}, {"model": "admin.logentry", "pk": 38, "fields": {"action_time": "2023-06-17T23:15:53.979Z", "user": 1, "content_type": 9, "object_id": "12", "object_repr": "Red velvet cupcake", "action_flag": 1, "change_message": "[{\"added\": {}}]"}}, {"model": "admin.logentry", "pk": 39, "fields": {"action_time": "2023-06-17T23:16:44.490Z", "user": 1, "content_type": 9, "object_id": "13", "object_repr": "Chocolate chip cookies", "action_flag": 1, "change_message": "[{\"added\": {}}]"}}, {"model": "admin.logentry", "pk": 40, "fields": {"action_time": "2023-06-17T23:17:41.761Z", "user": 1, "content_type": 9, "object_id": "14", "object_repr": "Fudgy chocolate cookies", "action_flag": 1, "change_message": "[{\"added\": {}}]"}}, {"model": "admin.logentry", "pk": 41, "fields": {"action_time": "2023-06-17T23:18:32.972Z", "user": 1, "content_type": 9, "object_id": "15", "object_repr": "Red velvet cookies", "action_flag": 1, "change_message": "[{\"added\": {}}]"}}, {"model": "admin.logentry", "pk": 42, "fields": {"action_time": "2023-06-17T23:22:57.004Z", "user": 1, "content_type": 9, "object_id": "16", "object_repr": "Vanilla cookies", "action_flag": 1, "change_message": "[{\"added\": {}}]"}}, {"model": "admin.logentry", "pk": 43, "fields": {"action_time": "2023-06-17T23:23:41.983Z", "user": 1, "content_type": 9, "object_id": "17", "object_repr": "Puff puff", "action_flag": 1, "change_message": "[{\"added\": {}}]"}}, {"model": "admin.logentry", "pk": 44, "fields": {"action_time": "2023-06-17T23:26:47.045Z", "user": 1, "content_type": 9, "object_id": "18", "object_repr": "Strawberry cake", "action_flag": 1, "change_message": "[{\"added\": {}}]"}}, {"model": "admin.logentry", "pk": 45, "fields": {"action_time": "2023-06-18T00:16:18.569Z", "user": 1, "content_type": 13, "object_id": "5", "object_repr": "Finger foods", "action_flag": 2, "change_message": "[{\"changed\": {\"fields\": [\"Image\"]}}]"}}, {"model": "admin.logentry", "pk": 46, "fields": {"action_time": "2023-06-18T00:16:51.147Z", "user": 1, "content_type": 13, "object_id": "4", "object_repr": "Pasteries", "action_flag": 2, "change_message": "[{\"changed\": {\"fields\": [\"Image\"]}}]"}}, {"model": "admin.logentry", "pk": 47, "fields": {"action_time": "2023-06-18T00:18:50.932Z", "user": 1, "content_type": 13, "object_id": "3", "object_repr": "Cup cakes", "action_flag": 2, "change_message": "[{\"changed\": {\"fields\": [\"Image\"]}}]"}}, {"model": "admin.logentry", "pk": 48, "fields": {"action_time": "2023-06-18T00:19:08.409Z", "user": 1, "content_type": 13, "object_id": "2", "object_repr": "Cookies", "action_flag": 2, "change_message": "[{\"changed\": {\"fields\": [\"Image\"]}}]"}}, {"model": "admin.logentry", "pk": 49, "fields": {"action_time": "2023-06-18T00:19:29.651Z", "user": 1, "content_type": 13, "object_id": "1", "object_repr": "Cakes", "action_flag": 2, "change_message": "[{\"changed\": {\"fields\": [\"Image\"]}}]"}}, {"model": "admin.logentry", "pk": 50, "fields": {"action_time": "2023-06-18T00:19:56.242Z", "user": 1, "content_type": 13, "object_id": "4", "object_repr": "Pasteries", "action_flag": 2, "change_message": "[]"}}, {"model": "admin.logentry", "pk": 51, "fields": {"action_time": "2023-06-18T00:22:24.726Z", "user": 1, "content_type": 13, "object_id": "4", "object_repr": "Pasteries", "action_flag": 2, "change_message": "[{\"changed\": {\"fields\": [\"Image\"]}}]"}}, {"model": "admin.logentry", "pk": 52, "fields": {"action_time": "2023-06-18T00:33:43.672Z", "user": 1, "content_type": 9, "object_id": "17", "object_repr": "Puff puff", "action_flag": 2, "change_message": "[{\"changed\": {\"fields\": [\"Image\"]}}]"}}, {"model": "admin.logentry", "pk": 53, "fields": {"action_time": "2023-06-23T06:11:18.206Z", "user": 1, "content_type": 9, "object_id": "18", "object_repr": "Strawberry cake", "action_flag": 2, "change_message": "[{\"changed\": {\"fields\": [\"Unit price\"]}}]"}}, {"model": "admin.logentry", "pk": 54, "fields": {"action_time": "2023-06-23T06:11:46.183Z", "user": 1, "content_type": 9, "object_id": "10", "object_repr": "Vanilla cupcake", "action_flag": 2, "change_message": "[{\"changed\": {\"fields\": [\"Name\"]}}]"}}, {"model": "admin.logentry", "pk": 55, "fields": {"action_time": "2023-06-23T06:12:15.004Z", "user": 1, "content_type": 9, "object_id": "5", "object_repr": "Lemon Cake", "action_flag": 2, "change_message": "[{\"changed\": {\"fields\": [\"Description\", \"Unit price\"]}}]"}}, {"model": "admin.logentry", "pk": 56, "fields": {"action_time": "2023-06-23T06:12:44.369Z", "user": 1, "content_type": 9, "object_id": "2", "object_repr": "Red velvet cake", "action_flag": 2, "change_message": "[{\"changed\": {\"fields\": [\"Unit price\"]}}]"}}, {"model": "admin.logentry", "pk": 57, "fields": {"action_time": "2023-06-23T06:13:11.405Z", "user": 1, "content_type": 9, "object_id": "4", "object_repr": "Coconut cake", "action_flag": 2, "change_message": "[{\"changed\": {\"fields\": [\"Unit price\"]}}]"}}, {"model": "admin.logentry", "pk": 58, "fields": {"action_time": "2023-06-23T06:13:25.725Z", "user": 1, "content_type": 9, "object_id": "3", "object_repr": "Carrot cake", "action_flag": 2, "change_message": "[{\"changed\": {\"fields\": [\"Unit price\"]}}]"}}, {"model": "admin.logentry", "pk": 59, "fields": {"action_time": "2023-06-23T06:25:14.733Z", "user": 1, "content_type": 9, "object_id": "3", "object_repr": "Carrot cake", "action_flag": 2, "change_message": "[{\"changed\": {\"fields\": [\"Image\"]}}]"}}, {"model": "admin.logentry", "pk": 60, "fields": {"action_time": "2023-06-23T06:25:49.838Z", "user": 1, "content_type": 9, "object_id": "12", "object_repr": "Red velvet cupcake", "action_flag": 2, "change_message": "[{\"changed\": {\"fields\": [\"Image\"]}}]"}}, {"model": "admin.logentry", "pk": 61, "fields": {"action_time": "2023-06-23T06:26:20.981Z", "user": 1, "content_type": 9, "object_id": "2", "object_repr": "Red velvet cake", "action_flag": 2, "change_message": "[{\"changed\": {\"fields\": [\"Image\", \"Description\"]}}]"}}, {"model": "admin.logentry", "pk": 62, "fields": {"action_time": "2023-06-23T06:39:46.347Z", "user": 1, "content_type": 9, "object_id": "9", "object_repr": "Egg roll", "action_flag": 2, "change_message": "[{\"changed\": {\"fields\": [\"Product type\"]}}]"}}, {"model": "admin.logentry", "pk": 63, "fields": {"action_time": "2023-06-23T18:51:34.167Z", "user": 1, "content_type": 9, "object_id": "15", "object_repr": "Red velvet cookies", "action_flag": 2, "change_message": "[{\"changed\": {\"fields\": [\"Image\"]}}]"}}, {"model": "admin.logentry", "pk": 64, "fields": {"action_time": "2023-06-23T19:07:22.694Z", "user": 1, "content_type": 9, "object_id": "3", "object_repr": "Carrot cake", "action_flag": 2, "change_message": "[{\"changed\": {\"fields\": [\"Image\"]}}]"}}, {"model": "admin.logentry", "pk": 65, "fields": {"action_time": "2023-06-23T19:10:57.922Z", "user": 1, "content_type": 9, "object_id": "15", "object_repr": "Red velvet cookies", "action_flag": 2, "change_message": "[{\"changed\": {\"fields\": [\"Image\"]}}]"}}, {"model": "admin.logentry", "pk": 66, "fields": {"action_time": "2023-06-23T19:17:37.925Z", "user": 1, "content_type": 9, "object_id": "13", "object_repr": "Chocolate chip cookies", "action_flag": 2, "change_message": "[{\"changed\": {\"fields\": [\"Image\"]}}]"}}, {"model": "admin.logentry", "pk": 67, "fields": {"action_time": "2023-06-23T22:41:27.966Z", "user": 1, "content_type": 9, "object_id": "9", "object_repr": "Egg roll", "action_flag": 2, "change_message": "[{\"changed\": {\"fields\": [\"Image\"]}}]"}}, {"model": "admin.logentry", "pk": 68, "fields": {"action_time": "2023-06-23T22:42:14.460Z", "user": 1, "content_type": 9, "object_id": "8", "object_repr": "Fish roll", "action_flag": 2, "change_message": "[{\"changed\": {\"fields\": [\"Image\"]}}]"}}, {"model": "admin.logentry", "pk": 69, "fields": {"action_time": "2023-06-30T19:19:02.926Z", "user": 1, "content_type": 15, "object_id": "1", "object_repr": "Cartitem object (1)", "action_flag": 1, "change_message": "[{\"added\": {}}]"}}, {"model": "admin.logentry", "pk": 70, "fields": {"action_time": "2023-06-30T19:19:11.805Z", "user": 1, "content_type": 15, "object_id": "2", "object_repr": "Cartitem object (2)", "action_flag": 1, "change_message": "[{\"added\": {}}]"}}, {"model": "admin.logentry", "pk": 71, "fields": {"action_time": "2023-06-30T19:19:25.892Z", "user": 1, "content_type": 16, "object_id": "1", "object_repr": "Cart object (1)", "action_flag": 1, "change_message": "[{\"added\": {}}]"}}, {"model": "admin.logentry", "pk": 72, "fields": {"action_time": "2023-06-30T19:19:48.229Z", "user": 1, "content_type": 16, "object_id": "2", "object_repr": "Cart object (2)", "action_flag": 1, "change_message": "[{\"added\": {}}]"}}, {"model": "admin.logentry", "pk": 73, "fields": {"action_time": "2023-06-30T19:32:13.240Z", "user": 1, "content_type": 16, "object_id": "2", "object_repr": "06rhp399vod8g6402jluh4rj37f0u3xz", "action_flag": 3, "change_message": ""}}, {"model": "admin.logentry", "pk": 74, "fields": {"action_time": "2023-06-30T19:32:13.249Z", "user": 1, "content_type": 16, "object_id": "1", "object_repr": "06rhp399vod8g6402jluh4rj37f0u3xz", "action_flag": 3, "change_message": ""}}, {"model": "admin.logentry", "pk": 75, "fields": {"action_time": "2023-06-30T19:32:29.416Z", "user": 1, "content_type": 15, "object_id": "2", "object_repr": " Red velvet cake: 8", "action_flag": 3, "change_message": ""}}, {"model": "admin.logentry", "pk": 76, "fields": {"action_time": "2023-06-30T19:32:29.425Z", "user": 1, "content_type": 15, "object_id": "1", "object_repr": " Red velvet cake: 6", "action_flag": 3, "change_message": ""}}, {"model": "admin.logentry", "pk": 77, "fields": {"action_time": "2023-07-01T17:34:35.930Z", "user": 1, "content_type": 15, "object_id": "30", "object_repr": " None: None", "action_flag": 3, "change_message": ""}}, {"model": "admin.logentry", "pk": 78, "fields": {"action_time": "2023-07-01T17:34:35.947Z", "user": 1, "content_type": 15, "object_id": "29", "object_repr": " None: None", "action_flag": 3, "change_message": ""}}, {"model": "admin.logentry", "pk": 79, "fields": {"action_time": "2023-07-01T17:34:35.957Z", "user": 1, "content_type": 15, "object_id": "28", "object_repr": " None: None", "action_flag": 3, "change_message": ""}}, {"model": "admin.logentry", "pk": 80, "fields": {"action_time": "2023-07-01T17:34:35.965Z", "user": 1, "content_type": 15, "object_id": "27", "object_repr": " None: None", "action_flag": 3, "change_message": ""}}, {"model": "admin.logentry", "pk": 81, "fields": {"action_time": "2023-07-01T17:34:35.973Z", "user": 1, "content_type": 15, "object_id": "26", "object_repr": " None: None", "action_flag": 3, "change_message": ""}}, {"model": "admin.logentry", "pk": 82, "fields": {"action_time": "2023-07-01T17:34:35.981Z", "user": 1, "content_type": 15, "object_id": "25", "object_repr": " None: None", "action_flag": 3, "change_message": ""}}, {"model": "admin.logentry", "pk": 83, "fields": {"action_time": "2023-07-01T17:34:35.992Z", "user": 1, "content_type": 15, "object_id": "24", "object_repr": " None: None", "action_flag": 3, "change_message": ""}}, {"model": "admin.logentry", "pk": 84, "fields": {"action_time": "2023-07-01T17:34:36.001Z", "user": 1, "content_type": 15, "object_id": "23", "object_repr": " None: None", "action_flag": 3, "change_message": ""}}, {"model": "admin.logentry", "pk": 85, "fields": {"action_time": "2023-07-01T17:34:36.010Z", "user": 1, "content_type": 15, "object_id": "22", "object_repr": " None: None", "action_flag": 3, "change_message": ""}}, {"model": "admin.logentry", "pk": 86, "fields": {"action_time": "2023-07-01T17:34:36.019Z", "user": 1, "content_type": 15, "object_id": "21", "object_repr": " None: None", "action_flag": 3, "change_message": ""}}, {"model": "admin.logentry", "pk": 87, "fields": {"action_time": "2023-07-01T17:34:36.028Z", "user": 1, "content_type": 15, "object_id": "20", "object_repr": " None: None", "action_flag": 3, "change_message": ""}}, {"model": "admin.logentry", "pk": 88, "fields": {"action_time": "2023-07-01T17:34:36.033Z", "user": 1, "content_type": 15, "object_id": "19", "object_repr": " None: None", "action_flag": 3, "change_message": ""}}, {"model": "admin.logentry", "pk": 89, "fields": {"action_time": "2023-07-01T17:34:36.037Z", "user": 1, "content_type": 15, "object_id": "18", "object_repr": " None: None", "action_flag": 3, "change_message": ""}}, {"model": "admin.logentry", "pk": 90, "fields": {"action_time": "2023-07-01T17:34:36.041Z", "user": 1, "content_type": 15, "object_id": "17", "object_repr": " None: None", "action_flag": 3, "change_message": ""}}, {"model": "admin.logentry", "pk": 91, "fields": {"action_time": "2023-07-01T17:34:36.045Z", "user": 1, "content_type": 15, "object_id": "16", "object_repr": " None: None", "action_flag": 3, "change_message": ""}}, {"model": "admin.logentry", "pk": 92, "fields": {"action_time": "2023-07-01T17:34:36.049Z", "user": 1, "content_type": 15, "object_id": "15", "object_repr": " None: None", "action_flag": 3, "change_message": ""}}, {"model": "admin.logentry", "pk": 93, "fields": {"action_time": "2023-07-01T17:34:36.053Z", "user": 1, "content_type": 15, "object_id": "14", "object_repr": " None: None", "action_flag": 3, "change_message": ""}}, {"model": "admin.logentry", "pk": 94, "fields": {"action_time": "2023-07-01T17:34:36.057Z", "user": 1, "content_type": 15, "object_id": "13", "object_repr": " None: None", "action_flag": 3, "change_message": ""}}, {"model": "admin.logentry", "pk": 95, "fields": {"action_time": "2023-07-01T17:34:36.060Z", "user": 1, "content_type": 15, "object_id": "12", "object_repr": " None: None", "action_flag": 3, "change_message": ""}}, {"model": "admin.logentry", "pk": 96, "fields": {"action_time": "2023-07-01T17:34:36.063Z", "user": 1, "content_type": 15, "object_id": "11", "object_repr": " None: None", "action_flag": 3, "change_message": ""}}, {"model": "admin.logentry", "pk": 97, "fields": {"action_time": "2023-07-01T17:34:36.066Z", "user": 1, "content_type": 15, "object_id": "10", "object_repr": " None: None", "action_flag": 3, "change_message": ""}}, {"model": "admin.logentry", "pk": 98, "fields": {"action_time": "2023-07-01T17:34:36.069Z", "user": 1, "content_type": 15, "object_id": "9", "object_repr": " None: None", "action_flag": 3, "change_message": ""}}, {"model": "admin.logentry", "pk": 99, "fields": {"action_time": "2023-07-01T17:34:36.072Z", "user": 1, "content_type": 15, "object_id": "8", "object_repr": " None: None", "action_flag": 3, "change_message": ""}}, {"model": "admin.logentry", "pk": 100, "fields": {"action_time": "2023-07-01T17:34:36.075Z", "user": 1, "content_type": 15, "object_id": "7", "object_repr": " None: None", "action_flag": 3, "change_message": ""}}, {"model": "admin.logentry", "pk": 101, "fields": {"action_time": "2023-07-01T17:34:36.078Z", "user": 1, "content_type": 15, "object_id": "6", "object_repr": " None: None", "action_flag": 3, "change_message": ""}}, {"model": "admin.logentry", "pk": 102, "fields": {"action_time": "2023-07-01T17:34:36.080Z", "user": 1, "content_type": 15, "object_id": "5", "object_repr": " None: None", "action_flag": 3, "change_message": ""}}, {"model": "admin.logentry", "pk": 103, "fields": {"action_time": "2023-07-01T17:34:36.083Z", "user": 1, "content_type": 15, "object_id": "4", "object_repr": " None: None", "action_flag": 3, "change_message": ""}}, {"model": "admin.logentry", "pk": 104, "fields": {"action_time": "2023-07-01T17:34:36.086Z", "user": 1, "content_type": 15, "object_id": "3", "object_repr": " None: None", "action_flag": 3, "change_message": ""}}, {"model": "admin.logentry", "pk": 105, "fields": {"action_time": "2023-07-04T18:50:23.846Z", "user": 1, "content_type": 15, "object_id": "51", "object_repr": " Meat pie: 1", "action_flag": 3, "change_message": ""}}, {"model": "admin.logentry", "pk": 106, "fields": {"action_time": "2023-07-04T18:50:23.859Z", "user": 1, "content_type": 15, "object_id": "50", "object_repr": " Meat pie: 1", "action_flag": 3, "change_message": ""}}, {"model": "admin.logentry", "pk": 107, "fields": {"action_time": "2023-07-04T18:50:23.866Z", "user": 1, "content_type": 15, "object_id": "49", "object_repr": " Meat pie: 1", "action_flag": 3, "change_message": ""}}, {"model": "admin.logentry", "pk": 108, "fields": {"action_time": "2023-07-04T18:50:23.872Z", "user": 1, "content_type": 15, "object_id": "48", "object_repr": " Fudgy chocolate cookies: 1", "action_flag": 3, "change_message": ""}}, {"model": "admin.logentry", "pk": 109, "fields": {"action_time": "2023-07-04T18:50:23.877Z", "user": 1, "content_type": 15, "object_id": "47", "object_repr": " Carrot cake: 1", "action_flag": 3, "change_message": ""}}, {"model": "admin.logentry", "pk": 110, "fields": {"action_time": "2023-07-04T18:50:23.884Z", "user": 1, "content_type": 15, "object_id": "46", "object_repr": " Red velvet cookies: 1", "action_flag": 3, "change_message": ""}}, {"model": "admin.logentry", "pk": 111, "fields": {"action_time": "2023-07-04T18:50:23.890Z", "user": 1, "content_type": 15, "object_id": "45", "object_repr": " Red velvet cookies: 1", "action_flag": 3, "change_message": ""}}, {"model": "admin.logentry", "pk": 112, "fields": {"action_time": "2023-07-04T18:50:23.896Z", "user": 1, "content_type": 15, "object_id": "44", "object_repr": " Red velvet cookies: 1", "action_flag": 3, "change_message": ""}}, {"model": "admin.logentry", "pk": 113, "fields": {"action_time": "2023-07-04T18:50:23.902Z", "user": 1, "content_type": 15, "object_id": "43", "object_repr": " Red velvet cookies: 1", "action_flag": 3, "change_message": ""}}, {"model": "admin.logentry", "pk": 114, "fields": {"action_time": "2023-07-04T18:50:23.909Z", "user": 1, "content_type": 15, "object_id": "42", "object_repr": " Red velvet cookies: 1", "action_flag": 3, "change_message": ""}}, {"model": "admin.logentry", "pk": 115, "fields": {"action_time": "2023-07-04T18:50:23.914Z", "user": 1, "content_type": 15, "object_id": "41", "object_repr": " Red velvet cookies: 1", "action_flag": 3, "change_message": ""}}, {"model": "admin.logentry", "pk": 116, "fields": {"action_time": "2023-07-04T18:50:23.921Z", "user": 1, "content_type": 15, "object_id": "40", "object_repr": " Red velvet cookies: 1", "action_flag": 3, "change_message": ""}}, {"model": "admin.logentry", "pk": 117, "fields": {"action_time": "2023-07-04T18:50:23.927Z", "user": 1, "content_type": 15, "object_id": "39", "object_repr": " Red velvet cookies: 1", "action_flag": 3, "change_message": ""}}, {"model": "admin.logentry", "pk": 118, "fields": {"action_time": "2023-07-04T18:50:23.934Z", "user": 1, "content_type": 15, "object_id": "38", "object_repr": " None: None", "action_flag": 3, "change_message": ""}}, {"model": "admin.logentry", "pk": 119, "fields": {"action_time": "2023-07-04T18:50:23.941Z", "user": 1, "content_type": 15, "object_id": "37", "object_repr": " None: None", "action_flag": 3, "change_message": ""}}, {"model": "admin.logentry", "pk": 120, "fields": {"action_time": "2023-07-04T18:50:23.947Z", "user": 1, "content_type": 15, "object_id": "36", "object_repr": " None: None", "action_flag": 3, "change_message": ""}}, {"model": "admin.logentry", "pk": 121, "fields": {"action_time": "2023-07-04T18:50:23.954Z", "user": 1, "content_type": 15, "object_id": "35", "object_repr": " None: None", "action_flag": 3, "change_message": ""}}, {"model": "admin.logentry", "pk": 122, "fields": {"action_time": "2023-07-04T18:50:23.960Z", "user": 1, "content_type": 15, "object_id": "34", "object_repr": " None: None", "action_flag": 3, "change_message": ""}}, {"model": "admin.logentry", "pk": 123, "fields": {"action_time": "2023-07-04T18:50:23.966Z", "user": 1, "content_type": 15, "object_id": "33", "object_repr": " None: None", "action_flag": 3, "change_message": ""}}, {"model": "admin.logentry", "pk": 124, "fields": {"action_time": "2023-07-04T18:50:23.972Z", "user": 1, "content_type": 15, "object_id": "32", "object_repr": " None: None", "action_flag": 3, "change_message": ""}}, {"model": "admin.logentry", "pk": 125, "fields": {"action_time": "2023-07-04T18:50:23.978Z", "user": 1, "content_type": 15, "object_id": "31", "object_repr": " None: None", "action_flag": 3, "change_message": ""}}, {"model": "admin.logentry", "pk": 126, "fields": {"action_time": "2023-07-04T18:50:57.799Z", "user": 1, "content_type": 16, "object_id": "2", "object_repr": "None", "action_flag": 3, "change_message": ""}}, {"model": "admin.logentry", "pk": 127, "fields": {"action_time": "2023-07-04T18:50:57.814Z", "user": 1, "content_type": 16, "object_id": "1", "object_repr": "None", "action_flag": 3, "change_message": ""}}, {"model": "admin.logentry", "pk": 128, "fields": {"action_time": "2023-07-21T16:06:35.266Z", "user": 1, "content_type": 16, "object_id": "45", "object_repr": "s5td5frsh3r3c210wz61udmjigs9uw1v", "action_flag": 3, "change_message": ""}}, {"model": "admin.logentry", "pk": 129, "fields": {"action_time": "2023-07-21T16:06:35.278Z", "user": 1, "content_type": 16, "object_id": "44", "object_repr": "y56w0a87wcg41qrgmtsfw7pokpnohl6z", "action_flag": 3, "change_message": ""}}, {"model": "admin.logentry", "pk": 130, "fields": {"action_time": "2023-07-21T16:06:35.286Z", "user": 1, "content_type": 16, "object_id": "43", "object_repr": "8xl5efhfi0rlelu0onncfqxcun339mfy", "action_flag": 3, "change_message": ""}}, {"model": "admin.logentry", "pk": 131, "fields": {"action_time": "2023-07-21T16:06:35.295Z", "user": 1, "content_type": 16, "object_id": "42", "object_repr": "6pj1ocxxbamf4yytsrnc8ekpyb5kjblf", "action_flag": 3, "change_message": ""}}, {"model": "admin.logentry", "pk": 132, "fields": {"action_time": "2023-07-21T16:06:35.302Z", "user": 1, "content_type": 16, "object_id": "41", "object_repr": "1ee038oeirh38tfkm1ame184ky3mvnwg", "action_flag": 3, "change_message": ""}}, {"model": "admin.logentry", "pk": 133, "fields": {"action_time": "2023-07-21T16:06:35.310Z", "user": 1, "content_type": 16, "object_id": "40", "object_repr": "86j3ybuh8r77rdkgb8h98mr3yqx2fvsu", "action_flag": 3, "change_message": ""}}, {"model": "admin.logentry", "pk": 134, "fields": {"action_time": "2023-07-21T16:06:35.318Z", "user": 1, "content_type": 16, "object_id": "39", "object_repr": "84abwscadp7yfi2h31h2eg4tv3b839e8", "action_flag": 3, "change_message": ""}}, {"model": "admin.logentry", "pk": 135, "fields": {"action_time": "2023-07-21T16:06:35.326Z", "user": 1, "content_type": 16, "object_id": "38", "object_repr": "1zq0yykms1vnrfbgypuqm8v5vhgvcwtq", "action_flag": 3, "change_message": ""}}, {"model": "admin.logentry", "pk": 136, "fields": {"action_time": "2023-07-21T16:06:35.333Z", "user": 1, "content_type": 16, "object_id": "37", "object_repr": "2jc5b1dk7sctvz8s4atdb6jts0ey71vg", "action_flag": 3, "change_message": ""}}, {"model": "admin.logentry", "pk": 137, "fields": {"action_time": "2023-07-21T16:06:35.340Z", "user": 1, "content_type": 16, "object_id": "36", "object_repr": "hhhnjqwkjn1je6azrvp4s8de6kxhx0zq", "action_flag": 3, "change_message": ""}}, {"model": "admin.logentry", "pk": 138, "fields": {"action_time": "2023-07-21T16:06:35.348Z", "user": 1, "content_type": 16, "object_id": "35", "object_repr": "tlhex9yyg20xjzkkcaunldxmfjhusxoz", "action_flag": 3, "change_message": ""}}, {"model": "admin.logentry", "pk": 139, "fields": {"action_time": "2023-07-21T16:06:35.356Z", "user": 1, "content_type": 16, "object_id": "34", "object_repr": "h6d8s8f7uiz1o6x90nyiml6gw98ameol", "action_flag": 3, "change_message": ""}}, {"model": "admin.logentry", "pk": 140, "fields": {"action_time": "2023-07-21T16:06:35.364Z", "user": 1, "content_type": 16, "object_id": "33", "object_repr": "4uz6xaeng468zliqdqy3u79j9thkqq5q", "action_flag": 3, "change_message": ""}}, {"model": "admin.logentry", "pk": 141, "fields": {"action_time": "2023-07-21T16:06:35.372Z", "user": 1, "content_type": 16, "object_id": "32", "object_repr": "suebbhjle3uuf33nmg1stcxzk1emphpq", "action_flag": 3, "change_message": ""}}, {"model": "admin.logentry", "pk": 142, "fields": {"action_time": "2023-07-21T16:06:35.381Z", "user": 1, "content_type": 16, "object_id": "31", "object_repr": "50pxem43d7ugn03dom22y908kxk28oy0", "action_flag": 3, "change_message": ""}}, {"model": "admin.logentry", "pk": 143, "fields": {"action_time": "2023-07-21T16:06:35.388Z", "user": 1, "content_type": 16, "object_id": "30", "object_repr": "t9z16kkj857cz2kk145lowdzt5d2p614", "action_flag": 3, "change_message": ""}}, {"model": "admin.logentry", "pk": 144, "fields": {"action_time": "2023-07-21T16:06:35.395Z", "user": 1, "content_type": 16, "object_id": "29", "object_repr": "yw8c7wd133rmq1xbdl1dwhh16mj9o6sj", "action_flag": 3, "change_message": ""}}, {"model": "admin.logentry", "pk": 145, "fields": {"action_time": "2023-07-21T16:06:35.402Z", "user": 1, "content_type": 16, "object_id": "28", "object_repr": "d3sf0hw66v8ovp67pjmcngo8m6de551j", "action_flag": 3, "change_message": ""}}, {"model": "admin.logentry", "pk": 146, "fields": {"action_time": "2023-07-21T16:06:35.409Z", "user": 1, "content_type": 16, "object_id": "27", "object_repr": "eplx74vzboxz0vwqbj8942en5ovwdwdy", "action_flag": 3, "change_message": ""}}, {"model": "admin.logentry", "pk": 147, "fields": {"action_time": "2023-07-21T16:06:35.419Z", "user": 1, "content_type": 16, "object_id": "26", "object_repr": "7euw87346j03jxf5lwuz1a7kble0hxp4", "action_flag": 3, "change_message": ""}}, {"model": "admin.logentry", "pk": 148, "fields": {"action_time": "2023-07-21T16:06:35.425Z", "user": 1, "content_type": 16, "object_id": "25", "object_repr": "43cjzsc10u1x2f4ma4x7aotok17xt9fb", "action_flag": 3, "change_message": ""}}, {"model": "admin.logentry", "pk": 149, "fields": {"action_time": "2023-07-21T16:06:35.433Z", "user": 1, "content_type": 16, "object_id": "24", "object_repr": "1p8juagjndylpc4wa08a22d9ny433dhm", "action_flag": 3, "change_message": ""}}, {"model": "admin.logentry", "pk": 150, "fields": {"action_time": "2023-07-21T16:06:35.440Z", "user": 1, "content_type": 16, "object_id": "23", "object_repr": "xskr48m8kvrvmrbzghrygja6ucoepx08", "action_flag": 3, "change_message": ""}}, {"model": "admin.logentry", "pk": 151, "fields": {"action_time": "2023-07-21T16:06:35.448Z", "user": 1, "content_type": 16, "object_id": "22", "object_repr": "vu4v77xk8svqnu7ibedatqh34q3zfazl", "action_flag": 3, "change_message": ""}}, {"model": "admin.logentry", "pk": 152, "fields": {"action_time": "2023-07-21T16:06:35.455Z", "user": 1, "content_type": 16, "object_id": "21", "object_repr": "hpqf15s7jlkvmvhjv4wrro7aha5uyjh6", "action_flag": 3, "change_message": ""}}, {"model": "admin.logentry", "pk": 153, "fields": {"action_time": "2023-07-21T16:06:35.462Z", "user": 1, "content_type": 16, "object_id": "20", "object_repr": "ut2tcfsz8fq8ofbv4v5q3l41xwv5xla4", "action_flag": 3, "change_message": ""}}, {"model": "admin.logentry", "pk": 154, "fields": {"action_time": "2023-07-21T16:06:35.468Z", "user": 1, "content_type": 16, "object_id": "19", "object_repr": "adlxwhi88w0mimwskfw7f0ufwu8p3iug", "action_flag": 3, "change_message": ""}}, {"model": "admin.logentry", "pk": 155, "fields": {"action_time": "2023-07-21T16:06:35.476Z", "user": 1, "content_type": 16, "object_id": "18", "object_repr": "xc1re9hgovujeqsz2lz98hy41qhi2iu5", "action_flag": 3, "change_message": ""}}, {"model": "admin.logentry", "pk": 156, "fields": {"action_time": "2023-07-21T16:06:35.483Z", "user": 1, "content_type": 16, "object_id": "17", "object_repr": "gp6mwhds7305ao2kwp8uh5kwhf98fijh", "action_flag": 3, "change_message": ""}}, {"model": "admin.logentry", "pk": 157, "fields": {"action_time": "2023-07-21T16:06:35.490Z", "user": 1, "content_type": 16, "object_id": "16", "object_repr": "cbztyz6542zvebsf6inxkj3wuiftpf4z", "action_flag": 3, "change_message": ""}}, {"model": "admin.logentry", "pk": 158, "fields": {"action_time": "2023-07-21T16:06:35.499Z", "user": 1, "content_type": 16, "object_id": "15", "object_repr": "9831240vm8pmw4ogodwhoxpn54d4ksem", "action_flag": 3, "change_message": ""}}, {"model": "admin.logentry", "pk": 159, "fields": {"action_time": "2023-07-21T16:06:35.506Z", "user": 1, "content_type": 16, "object_id": "14", "object_repr": "wpjnh2kcqka8i2s9fozonxt7vjpm7nfh", "action_flag": 3, "change_message": ""}}, {"model": "admin.logentry", "pk": 160, "fields": {"action_time": "2023-07-21T16:06:35.513Z", "user": 1, "content_type": 16, "object_id": "13", "object_repr": "2gbofcnt5eyuhp03dguxfgrwvq1erk0p", "action_flag": 3, "change_message": ""}}, {"model": "admin.logentry", "pk": 161, "fields": {"action_time": "2023-07-21T16:06:35.520Z", "user": 1, "content_type": 16, "object_id": "12", "object_repr": "zlg8z874q845owptvtpjeqq9nrbkvzws", "action_flag": 3, "change_message": ""}}, {"model": "admin.logentry", "pk": 162, "fields": {"action_time": "2023-07-21T16:06:35.526Z", "user": 1, "content_type": 16, "object_id": "11", "object_repr": "None", "action_flag": 3, "change_message": ""}}, {"model": "admin.logentry", "pk": 163, "fields": {"action_time": "2023-07-21T16:06:35.534Z", "user": 1, "content_type": 16, "object_id": "10", "object_repr": "None", "action_flag": 3, "change_message": ""}}, {"model": "admin.logentry", "pk": 164, "fields": {"action_time": "2023-07-21T16:06:35.540Z", "user": 1, "content_type": 16, "object_id": "9", "object_repr": "None", "action_flag": 3, "change_message": ""}}, {"model": "admin.logentry", "pk": 165, "fields": {"action_time": "2023-07-21T16:06:35.546Z", "user": 1, "content_type": 16, "object_id": "8", "object_repr": "None", "action_flag": 3, "change_message": ""}}, {"model": "admin.logentry", "pk": 166, "fields": {"action_time": "2023-07-21T16:06:35.553Z", "user": 1, "content_type": 16, "object_id": "7", "object_repr": "None", "action_flag": 3, "change_message": ""}}, {"model": "admin.logentry", "pk": 167, "fields": {"action_time": "2023-07-21T16:06:35.559Z", "user": 1, "content_type": 16, "object_id": "6", "object_repr": "None", "action_flag": 3, "change_message": ""}}, {"model": "admin.logentry", "pk": 168, "fields": {"action_time": "2023-07-21T16:06:35.566Z", "user": 1, "content_type": 16, "object_id": "5", "object_repr": "None", "action_flag": 3, "change_message": ""}}, {"model": "admin.logentry", "pk": 169, "fields": {"action_time": "2023-07-21T16:06:35.573Z", "user": 1, "content_type": 16, "object_id": "4", "object_repr": "None", "action_flag": 3, "change_message": ""}}, {"model": "admin.logentry", "pk": 170, "fields": {"action_time": "2023-07-21T16:06:35.582Z", "user": 1, "content_type": 16, "object_id": "3", "object_repr": "None", "action_flag": 3, "change_message": ""}}, {"model": "admin.logentry", "pk": 171, "fields": {"action_time": "2023-07-21T16:09:38.637Z", "user": 1, "content_type": 16, "object_id": "49", "object_repr": "qes67iz4g230oex90346tmnx99fj8mvy", "action_flag": 3, "change_message": ""}}, {"model": "admin.logentry", "pk": 172, "fields": {"action_time": "2023-07-21T16:09:38.652Z", "user": 1, "content_type": 16, "object_id": "48", "object_repr": "4cxw2jybtv2sv1gd4nml59wc4sidpxst", "action_flag": 3, "change_message": ""}}, {"model": "admin.logentry", "pk": 173, "fields": {"action_time": "2023-07-21T16:09:38.661Z", "user": 1, "content_type": 16, "object_id": "47", "object_repr": "s066sp4t3h0plu11h2ii0zncg9pnl8z7", "action_flag": 3, "change_message": ""}}, {"model": "admin.logentry", "pk": 174, "fields": {"action_time": "2023-07-21T16:09:38.667Z", "user": 1, "content_type": 16, "object_id": "46", "object_repr": "o72gtfy3j92vm4wlya97jvdjq3fz44ei", "action_flag": 3, "change_message": ""}}, {"model": "admin.logentry", "pk": 175, "fields": {"action_time": "2023-07-21T16:12:38.453Z", "user": 1, "content_type": 16, "object_id": "72", "object_repr": "8y64ptzrfjbfk864kbl9arz7gulug2wu", "action_flag": 3, "change_message": ""}}, {"model": "admin.logentry", "pk": 176, "fields": {"action_time": "2023-07-21T16:12:38.465Z", "user": 1, "content_type": 16, "object_id": "71", "object_repr": "lw3pe0a6w9pwpm85q1iei0ywm72ax1pd", "action_flag": 3, "change_message": ""}}, {"model": "admin.logentry", "pk": 177, "fields": {"action_time": "2023-07-21T16:12:38.472Z", "user": 1, "content_type": 16, "object_id": "70", "object_repr": "agjn7cx1bm9eqnau1yhii9e05wrktvvo", "action_flag": 3, "change_message": ""}}, {"model": "admin.logentry", "pk": 178, "fields": {"action_time": "2023-07-21T16:12:38.480Z", "user": 1, "content_type": 16, "object_id": "69", "object_repr": "7dmz0mbhues3xtxzdok11z5g2fzwp4oa", "action_flag": 3, "change_message": ""}}, {"model": "admin.logentry", "pk": 179, "fields": {"action_time": "2023-07-21T16:12:38.486Z", "user": 1, "content_type": 16, "object_id": "68", "object_repr": "4fnvwy3ccsjrrb91wifbxmb08o4jxwmk", "action_flag": 3, "change_message": ""}}, {"model": "admin.logentry", "pk": 180, "fields": {"action_time": "2023-07-21T16:12:38.494Z", "user": 1, "content_type": 16, "object_id": "67", "object_repr": "qtcsjnuy74wgxshv5nv1c5pdfnwcsj9i", "action_flag": 3, "change_message": ""}}, {"model": "admin.logentry", "pk": 181, "fields": {"action_time": "2023-07-21T16:12:38.502Z", "user": 1, "content_type": 16, "object_id": "66", "object_repr": "5z7bw0wnnd3k5elbqkxhftlpoxj7dbge", "action_flag": 3, "change_message": ""}}, {"model": "admin.logentry", "pk": 182, "fields": {"action_time": "2023-07-21T16:12:38.508Z", "user": 1, "content_type": 16, "object_id": "65", "object_repr": "q8lnpoqsqvbrynhzm2ggsdx61qh5ibh7", "action_flag": 3, "change_message": ""}}, {"model": "admin.logentry", "pk": 183, "fields": {"action_time": "2023-07-21T16:12:38.515Z", "user": 1, "content_type": 16, "object_id": "64", "object_repr": "7eebg2xmz6c9luoviic2tzmnvab1hg8m", "action_flag": 3, "change_message": ""}}, {"model": "admin.logentry", "pk": 184, "fields": {"action_time": "2023-07-21T16:12:38.523Z", "user": 1, "content_type": 16, "object_id": "63", "object_repr": "ku2lnwlyiwh2avu2qtkwbq8um28debbe", "action_flag": 3, "change_message": ""}}, {"model": "admin.logentry", "pk": 185, "fields": {"action_time": "2023-07-21T16:12:38.530Z", "user": 1, "content_type": 16, "object_id": "62", "object_repr": "kwjpp6yio4i19wioafuacw5n2xnq9jc4", "action_flag": 3, "change_message": ""}}, {"model": "admin.logentry", "pk": 186, "fields": {"action_time": "2023-07-21T16:12:38.536Z", "user": 1, "content_type": 16, "object_id": "61", "object_repr": "3x3pkg5vgbnxowsahieucxg99cmdzyq1", "action_flag": 3, "change_message": ""}}, {"model": "admin.logentry", "pk": 187, "fields": {"action_time": "2023-07-21T16:12:38.544Z", "user": 1, "content_type": 16, "object_id": "60", "object_repr": "z9ni5fgdy8siqwjed99hb2q9ot4v1ni8", "action_flag": 3, "change_message": ""}}, {"model": "admin.logentry", "pk": 188, "fields": {"action_time": "2023-07-21T16:12:38.552Z", "user": 1, "content_type": 16, "object_id": "59", "object_repr": "v3t5qtyl0et73e6l7gkuurk95bicffrb", "action_flag": 3, "change_message": ""}}, {"model": "admin.logentry", "pk": 189, "fields": {"action_time": "2023-07-21T16:12:38.558Z", "user": 1, "content_type": 16, "object_id": "58", "object_repr": "hcynd5q71mcmkcfj7hg7noag7pie2ryf", "action_flag": 3, "change_message": ""}}, {"model": "admin.logentry", "pk": 190, "fields": {"action_time": "2023-07-21T16:12:38.565Z", "user": 1, "content_type": 16, "object_id": "57", "object_repr": "u28phx36h85w3drbcrcdlx82xzcnd6pz", "action_flag": 3, "change_message": ""}}, {"model": "admin.logentry", "pk": 191, "fields": {"action_time": "2023-07-21T16:12:38.572Z", "user": 1, "content_type": 16, "object_id": "56", "object_repr": "som5xnwt5ojkwocfuuapnb4awwt9fhp0", "action_flag": 3, "change_message": ""}}, {"model": "admin.logentry", "pk": 192, "fields": {"action_time": "2023-07-21T16:12:38.579Z", "user": 1, "content_type": 16, "object_id": "55", "object_repr": "z89vnchiv3mpnc7k5epr065y2sq1i805", "action_flag": 3, "change_message": ""}}, {"model": "admin.logentry", "pk": 193, "fields": {"action_time": "2023-07-21T16:12:38.587Z", "user": 1, "content_type": 16, "object_id": "54", "object_repr": "pocceobe0o0o8tqi7nmp91jm72qqa8pg", "action_flag": 3, "change_message": ""}}, {"model": "admin.logentry", "pk": 194, "fields": {"action_time": "2023-07-21T16:12:38.594Z", "user": 1, "content_type": 16, "object_id": "53", "object_repr": "o2ibr843ug6rvdrtbf667e49w8ufxs6q", "action_flag": 3, "change_message": ""}}, {"model": "admin.logentry", "pk": 195, "fields": {"action_time": "2023-07-21T16:12:38.603Z", "user": 1, "content_type": 16, "object_id": "52", "object_repr": "0pb3368torklybecf0nb5tvu5gjx3dna", "action_flag": 3, "change_message": ""}}, {"model": "admin.logentry", "pk": 196, "fields": {"action_time": "2023-07-21T16:12:38.610Z", "user": 1, "content_type": 16, "object_id": "51", "object_repr": "pd9nbpvn1fb23t4yttbu1fv596gp0v2k", "action_flag": 3, "change_message": ""}}, {"model": "admin.logentry", "pk": 197, "fields": {"action_time": "2023-07-21T16:12:38.617Z", "user": 1, "content_type": 16, "object_id": "50", "object_repr": "x864jn5p1pz31qwer6is4o53nxa2mst5", "action_flag": 3, "change_message": ""}}, {"model": "admin.logentry", "pk": 198, "fields": {"action_time": "2023-07-21T16:34:10.943Z", "user": 1, "content_type": 16, "object_id": "90", "object_repr": "gsre993hzhkl4ztq247bnkl2u063673g", "action_flag": 3, "change_message": ""}}, {"model": "admin.logentry", "pk": 199, "fields": {"action_time": "2023-07-21T16:34:10.955Z", "user": 1, "content_type": 16, "object_id": "89", "object_repr": "whxj7snkl4345oqytv3t3zrj0dggnzu6", "action_flag": 3, "change_message": ""}}, {"model": "admin.logentry", "pk": 200, "fields": {"action_time": "2023-07-21T16:34:10.963Z", "user": 1, "content_type": 16, "object_id": "88", "object_repr": "jfiv9aw5xcnujir0klt68119dukghqwf", "action_flag": 3, "change_message": ""}}, {"model": "admin.logentry", "pk": 201, "fields": {"action_time": "2023-07-21T16:34:10.969Z", "user": 1, "content_type": 16, "object_id": "87", "object_repr": "ubs0sql0vw347rz74y3e6q3r1uatc8ld", "action_flag": 3, "change_message": ""}}, {"model": "admin.logentry", "pk": 202, "fields": {"action_time": "2023-07-21T16:34:10.977Z", "user": 1, "content_type": 16, "object_id": "86", "object_repr": "i2v67cm539oknva6jrcipnospydlaqod", "action_flag": 3, "change_message": ""}}, {"model": "admin.logentry", "pk": 203, "fields": {"action_time": "2023-07-21T16:34:10.983Z", "user": 1, "content_type": 16, "object_id": "85", "object_repr": "pt6hs1oamgmlsxv11hwzr5n8k91pvztj", "action_flag": 3, "change_message": ""}}, {"model": "admin.logentry", "pk": 204, "fields": {"action_time": "2023-07-21T16:34:10.991Z", "user": 1, "content_type": 16, "object_id": "84", "object_repr": "7efkljdaurj2xwndv10hnubbiwmalx90", "action_flag": 3, "change_message": ""}}, {"model": "admin.logentry", "pk": 205, "fields": {"action_time": "2023-07-21T16:34:10.998Z", "user": 1, "content_type": 16, "object_id": "83", "object_repr": "o59ov7rc9zmx1hijsbr6tddk8n5c40f2", "action_flag": 3, "change_message": ""}}, {"model": "admin.logentry", "pk": 206, "fields": {"action_time": "2023-07-21T16:34:11.005Z", "user": 1, "content_type": 16, "object_id": "82", "object_repr": "xj5l94zmhpv09n3iou1zwzdu25fomcrq", "action_flag": 3, "change_message": ""}}, {"model": "admin.logentry", "pk": 207, "fields": {"action_time": "2023-07-21T16:34:11.013Z", "user": 1, "content_type": 16, "object_id": "81", "object_repr": "0b1124ab5oamghk4svd9mns3knboi0mj", "action_flag": 3, "change_message": ""}}, {"model": "admin.logentry", "pk": 208, "fields": {"action_time": "2023-07-21T16:34:11.021Z", "user": 1, "content_type": 16, "object_id": "80", "object_repr": "cn1nmx7ei6laimafev3zr9d49hjg3dvo", "action_flag": 3, "change_message": ""}}, {"model": "admin.logentry", "pk": 209, "fields": {"action_time": "2023-07-21T16:34:11.028Z", "user": 1, "content_type": 16, "object_id": "79", "object_repr": "74ekvy3f27m2lpm1yhjvb7j6hz2usfhk", "action_flag": 3, "change_message": ""}}, {"model": "admin.logentry", "pk": 210, "fields": {"action_time": "2023-07-21T16:34:11.036Z", "user": 1, "content_type": 16, "object_id": "78", "object_repr": "6p131utl4y3gvfxzjgaposx0djl85hr6", "action_flag": 3, "change_message": ""}}, {"model": "admin.logentry", "pk": 211, "fields": {"action_time": "2023-07-21T16:34:11.045Z", "user": 1, "content_type": 16, "object_id": "77", "object_repr": "mvbper9gip5a96yxftl6124rm1u7ab9o", "action_flag": 3, "change_message": ""}}, {"model": "admin.logentry", "pk": 212, "fields": {"action_time": "2023-07-21T16:34:11.055Z", "user": 1, "content_type": 16, "object_id": "76", "object_repr": "fcph4nkaxpt6wbn58kz3n2i9m1obh044", "action_flag": 3, "change_message": ""}}, {"model": "admin.logentry", "pk": 213, "fields": {"action_time": "2023-07-21T16:34:11.062Z", "user": 1, "content_type": 16, "object_id": "75", "object_repr": "5uyzsz153yvamkm2l7s0x8mo45c3opu7", "action_flag": 3, "change_message": ""}}, {"model": "admin.logentry", "pk": 214, "fields": {"action_time": "2023-07-21T16:34:11.069Z", "user": 1, "content_type": 16, "object_id": "74", "object_repr": "rhvbxna9hanm8eitx0mljqmnp2py5un2", "action_flag": 3, "change_message": ""}}, {"model": "admin.logentry", "pk": 215, "fields": {"action_time": "2023-07-21T16:34:11.076Z", "user": 1, "content_type": 16, "object_id": "73", "object_repr": "mxoa6a35fxx3mk7sk7xl9qmtin2x44qw", "action_flag": 3, "change_message": ""}}, {"model": "admin.logentry", "pk": 216, "fields": {"action_time": "2023-07-24T19:13:45.887Z", "user": 1, "content_type": 16, "object_id": "92", "object_repr": "qs0bm5enpbd9e8h23sxmfjgecz14zk3y", "action_flag": 3, "change_message": ""}}, {"model": "admin.logentry", "pk": 217, "fields": {"action_time": "2023-07-24T19:13:45.894Z", "user": 1, "content_type": 16, "object_id": "91", "object_repr": "4y1txq8imogss1bw5qj2ywkto14lf3rt", "action_flag": 3, "change_message": ""}}, {"model": "admin.logentry", "pk": 218, "fields": {"action_time": "2023-07-24T19:17:03.470Z", "user": 1, "content_type": 16, "object_id": "98", "object_repr": "hzil5jjwgvtt4xe5ott7rdjoha79cuyc", "action_flag": 3, "change_message": ""}}, {"model": "admin.logentry", "pk": 219, "fields": {"action_time": "2023-07-24T19:17:03.481Z", "user": 1, "content_type": 16, "object_id": "97", "object_repr": "4fn4ljv55ofoac15p6rg6cryq8hrzpv4", "action_flag": 3, "change_message": ""}}, {"model": "admin.logentry", "pk": 220, "fields": {"action_time": "2023-07-24T19:17:03.490Z", "user": 1, "content_type": 16, "object_id": "96", "object_repr": "h0ljoxlgdl9c31my2ruuaafseqpgz3o8", "action_flag": 3, "change_message": ""}}, {"model": "admin.logentry", "pk": 221, "fields": {"action_time": "2023-07-24T19:17:03.497Z", "user": 1, "content_type": 16, "object_id": "95", "object_repr": "qo0whfghg5h9g5s113v6w2opqd61bbrw", "action_flag": 3, "change_message": ""}}, {"model": "admin.logentry", "pk": 222, "fields": {"action_time": "2023-07-24T19:17:03.504Z", "user": 1, "content_type": 16, "object_id": "94", "object_repr": "4ltvrkuilalwjbcl8r79utjzzeqa9gdb", "action_flag": 3, "change_message": ""}}, {"model": "admin.logentry", "pk": 223, "fields": {"action_time": "2023-07-24T19:17:03.511Z", "user": 1, "content_type": 16, "object_id": "93", "object_repr": "2dxfcqiuo513wktiihkhmnws3t0q6yhe", "action_flag": 3, "change_message": ""}}, {"model": "admin.logentry", "pk": 224, "fields": {"action_time": "2023-07-27T20:02:01.567Z", "user": 1, "content_type": 16, "object_id": "114", "object_repr": "phqrl5ew4ruzsep1uale5djuesiryew4", "action_flag": 3, "change_message": ""}}, {"model": "admin.logentry", "pk": 225, "fields": {"action_time": "2023-07-27T20:02:01.576Z", "user": 1, "content_type": 16, "object_id": "113", "object_repr": "q9fm254f6mg32oajvjdyu8h2riy6emzc", "action_flag": 3, "change_message": ""}}, {"model": "admin.logentry", "pk": 226, "fields": {"action_time": "2023-07-27T20:02:01.581Z", "user": 1, "content_type": 16, "object_id": "112", "object_repr": "xve8br3ap2u72x9rg6algxgs0f62xt5j", "action_flag": 3, "change_message": ""}}, {"model": "admin.logentry", "pk": 227, "fields": {"action_time": "2023-07-27T20:02:01.586Z", "user": 1, "content_type": 16, "object_id": "111", "object_repr": "pql5jrb90xx52kj0z1ri69t29oub4jvy", "action_flag": 3, "change_message": ""}}, {"model": "admin.logentry", "pk": 228, "fields": {"action_time": "2023-07-27T20:02:01.591Z", "user": 1, "content_type": 16, "object_id": "110", "object_repr": "g5x7pz4ce9x9r5bg7qbywj7lsbb4dp5u", "action_flag": 3, "change_message": ""}}, {"model": "admin.logentry", "pk": 229, "fields": {"action_time": "2023-07-27T20:02:01.596Z", "user": 1, "content_type": 16, "object_id": "109", "object_repr": "sgra9vwib4gdjrq9rxpdh0wbkhys3fym", "action_flag": 3, "change_message": ""}}, {"model": "admin.logentry", "pk": 230, "fields": {"action_time": "2023-07-27T20:02:01.603Z", "user": 1, "content_type": 16, "object_id": "108", "object_repr": "h41pk3794em0qcpu65cf68xybgca88oq", "action_flag": 3, "change_message": ""}}, {"model": "admin.logentry", "pk": 231, "fields": {"action_time": "2023-07-27T20:02:01.609Z", "user": 1, "content_type": 16, "object_id": "107", "object_repr": "bk60tjxwkoq8346zu0uwb3kxonjexrvm", "action_flag": 3, "change_message": ""}}, {"model": "admin.logentry", "pk": 232, "fields": {"action_time": "2023-07-27T20:02:01.616Z", "user": 1, "content_type": 16, "object_id": "106", "object_repr": "v8boyljv6xhnfcrf5cgjbshl1fputq50", "action_flag": 3, "change_message": ""}}, {"model": "admin.logentry", "pk": 233, "fields": {"action_time": "2023-07-27T20:02:01.622Z", "user": 1, "content_type": 16, "object_id": "105", "object_repr": "vz6own4i2ash1hedrrahsgk8f0uglbse", "action_flag": 3, "change_message": ""}}, {"model": "admin.logentry", "pk": 234, "fields": {"action_time": "2023-07-27T20:02:01.627Z", "user": 1, "content_type": 16, "object_id": "104", "object_repr": "xxon9b0nk2voh8wgn93zfmyl5e9afp1r", "action_flag": 3, "change_message": ""}}, {"model": "admin.logentry", "pk": 235, "fields": {"action_time": "2023-07-27T20:02:01.632Z", "user": 1, "content_type": 16, "object_id": "103", "object_repr": "hbe6b8um5lz403vz36vy98p6b6elqkro", "action_flag": 3, "change_message": ""}}, {"model": "admin.logentry", "pk": 236, "fields": {"action_time": "2023-07-27T20:02:01.638Z", "user": 1, "content_type": 16, "object_id": "102", "object_repr": "7ufe5zwiv62xn8ttwepcog9gtrv409it", "action_flag": 3, "change_message": ""}}, {"model": "admin.logentry", "pk": 237, "fields": {"action_time": "2023-07-27T20:02:01.642Z", "user": 1, "content_type": 16, "object_id": "101", "object_repr": "441t6isgr2cnn9ekrsxohoj72oy1zk59", "action_flag": 3, "change_message": ""}}, {"model": "admin.logentry", "pk": 238, "fields": {"action_time": "2023-07-27T20:02:01.647Z", "user": 1, "content_type": 16, "object_id": "100", "object_repr": "qe5ykakd4jcjv3w5s2jfhdkz3qzbsgyu", "action_flag": 3, "change_message": ""}}, {"model": "admin.logentry", "pk": 239, "fields": {"action_time": "2023-07-27T20:02:01.652Z", "user": 1, "content_type": 16, "object_id": "99", "object_repr": "kkidxk4v60yr5jjfe8nt4ivhdtqt5cmv", "action_flag": 3, "change_message": ""}}, {"model": "admin.logentry", "pk": 240, "fields": {"action_time": "2023-07-30T06:53:02.578Z", "user": 1, "content_type": 16, "object_id": "138", "object_repr": "e128d14a-6a31-4990-94f9-c5e0da7b19eb", "action_flag": 3, "change_message": ""}}, {"model": "admin.logentry", "pk": 241, "fields": {"action_time": "2023-07-30T06:53:02.592Z", "user": 1, "content_type": 16, "object_id": "137", "object_repr": "f42e3a2d-0734-4d66-98e1-d77e457908fb", "action_flag": 3, "change_message": ""}}, {"model": "admin.logentry", "pk": 242, "fields": {"action_time": "2023-07-30T06:53:02.606Z", "user": 1, "content_type": 16, "object_id": "136", "object_repr": "0174a580-8048-4576-ad25-28de8deab8e9", "action_flag": 3, "change_message": ""}}, {"model": "admin.logentry", "pk": 243, "fields": {"action_time": "2023-07-30T06:53:02.619Z", "user": 1, "content_type": 16, "object_id": "135", "object_repr": "687cab04-aff1-4c73-b734-683f2fbc3426", "action_flag": 3, "change_message": ""}}, {"model": "admin.logentry", "pk": 244, "fields": {"action_time": "2023-07-30T06:53:02.632Z", "user": 1, "content_type": 16, "object_id": "134", "object_repr": "b4132882-7c67-4dac-8e6c-9357a28f454e", "action_flag": 3, "change_message": ""}}, {"model": "admin.logentry", "pk": 245, "fields": {"action_time": "2023-07-30T06:53:02.646Z", "user": 1, "content_type": 16, "object_id": "133", "object_repr": "025c5b5b-e57b-4ae2-b37c-7ad13ffa0850", "action_flag": 3, "change_message": ""}}, {"model": "admin.logentry", "pk": 246, "fields": {"action_time": "2023-07-30T06:53:02.661Z", "user": 1, "content_type": 16, "object_id": "132", "object_repr": "4ecf23bd-b80a-4661-90bb-e2da99bd46ca", "action_flag": 3, "change_message": ""}}, {"model": "admin.logentry", "pk": 247, "fields": {"action_time": "2023-07-30T06:53:02.691Z", "user": 1, "content_type": 16, "object_id": "131", "object_repr": "38443bed-a351-4bfd-8dfc-50ffa8f85936", "action_flag": 3, "change_message": ""}}, {"model": "admin.logentry", "pk": 248, "fields": {"action_time": "2023-07-30T06:53:02.709Z", "user": 1, "content_type": 16, "object_id": "130", "object_repr": "79d038b2-e6be-4fc3-8330-90a4c72215f3", "action_flag": 3, "change_message": ""}}, {"model": "admin.logentry", "pk": 249, "fields": {"action_time": "2023-07-30T06:53:02.725Z", "user": 1, "content_type": 16, "object_id": "129", "object_repr": "13cf96ff-ca07-4d3b-9ea3-f564c5acf958", "action_flag": 3, "change_message": ""}}, {"model": "admin.logentry", "pk": 250, "fields": {"action_time": "2023-07-30T06:53:02.740Z", "user": 1, "content_type": 16, "object_id": "128", "object_repr": "b80718b7-a966-4e37-af3e-0ff581a0a898", "action_flag": 3, "change_message": ""}}, {"model": "admin.logentry", "pk": 251, "fields": {"action_time": "2023-07-30T06:53:02.754Z", "user": 1, "content_type": 16, "object_id": "127", "object_repr": "1e6ebcfa-8d81-4427-8368-1f85cfbcf8b2", "action_flag": 3, "change_message": ""}}, {"model": "admin.logentry", "pk": 252, "fields": {"action_time": "2023-07-30T06:53:02.805Z", "user": 1, "content_type": 16, "object_id": "126", "object_repr": "fe1ee735-c524-48be-a3ed-8eb6e500de77", "action_flag": 3, "change_message": ""}}, {"model": "admin.logentry", "pk": 253, "fields": {"action_time": "2023-07-30T06:53:02.837Z", "user": 1, "content_type": 16, "object_id": "125", "object_repr": "705bd6e3-9668-43b5-8542-6a84b48d3d73", "action_flag": 3, "change_message": ""}}, {"model": "admin.logentry", "pk": 254, "fields": {"action_time": "2023-07-30T06:53:02.851Z", "user": 1, "content_type": 16, "object_id": "124", "object_repr": "d1c32f5a-f6c5-4927-a393-e248015df321", "action_flag": 3, "change_message": ""}}, {"model": "admin.logentry", "pk": 255, "fields": {"action_time": "2023-07-30T06:53:02.865Z", "user": 1, "content_type": 16, "object_id": "123", "object_repr": "5910303b-1111-4d3d-9630-671629dd020c", "action_flag": 3, "change_message": ""}}, {"model": "admin.logentry", "pk": 256, "fields": {"action_time": "2023-07-30T06:53:02.881Z", "user": 1, "content_type": 16, "object_id": "122", "object_repr": "9e0bb44f-959f-45d6-8083-2f433c534624", "action_flag": 3, "change_message": ""}}, {"model": "admin.logentry", "pk": 257, "fields": {"action_time": "2023-07-30T06:53:02.951Z", "user": 1, "content_type": 16, "object_id": "121", "object_repr": "304e8486-e575-445d-9b13-7d023bcdb531", "action_flag": 3, "change_message": ""}}, {"model": "admin.logentry", "pk": 258, "fields": {"action_time": "2023-07-30T06:53:02.983Z", "user": 1, "content_type": 16, "object_id": "120", "object_repr": "e198016d-5165-4443-84ce-ac630acb6c33", "action_flag": 3, "change_message": ""}}, {"model": "admin.logentry", "pk": 259, "fields": {"action_time": "2023-07-30T06:53:03.000Z", "user": 1, "content_type": 16, "object_id": "119", "object_repr": "374b4735-ec42-4b0d-8894-aff9df6ea423", "action_flag": 3, "change_message": ""}}, {"model": "admin.logentry", "pk": 260, "fields": {"action_time": "2023-07-30T06:53:03.015Z", "user": 1, "content_type": 16, "object_id": "118", "object_repr": "441ece50-da22-46e5-9595-acd49b05de4e", "action_flag": 3, "change_message": ""}}, {"model": "admin.logentry", "pk": 261, "fields": {"action_time": "2023-07-30T06:53:03.030Z", "user": 1, "content_type": 16, "object_id": "117", "object_repr": "29feebe4-25cb-414c-b491-257a32ca6592", "action_flag": 3, "change_message": ""}}, {"model": "admin.logentry", "pk": 262, "fields": {"action_time": "2023-07-30T06:53:03.044Z", "user": 1, "content_type": 16, "object_id": "116", "object_repr": "b89ca6f1-7fe7-4ec3-a2a5-fb3c4d11ef1d", "action_flag": 3, "change_message": ""}}, {"model": "admin.logentry", "pk": 263, "fields": {"action_time": "2023-07-30T06:53:03.058Z", "user": 1, "content_type": 16, "object_id": "115", "object_repr": "1936daad-3df8-4d64-9354-869edb1eff23", "action_flag": 3, "change_message": ""}}, {"model": "admin.logentry", "pk": 264, "fields": {"action_time": "2023-08-30T09:51:52.789Z", "user": 1, "content_type": 15, "object_id": "241", "object_repr": " Red velvet cookies: 1", "action_flag": 2, "change_message": "[{\"changed\": {\"fields\": [\"Cart\"]}}]"}}, {"model": "admin.logentry", "pk": 265, "fields": {"action_time": "2023-08-30T09:52:00.806Z", "user": 1, "content_type": 15, "object_id": "240", "object_repr": " Red velvet cupcake: 2", "action_flag": 2, "change_message": "[{\"changed\": {\"fields\": [\"Cart\"]}}]"}}, {"model": "admin.logentry", "pk": 266, "fields": {"action_time": "2023-08-30T09:52:08.646Z", "user": 1, "content_type": 15, "object_id": "239", "object_repr": " Red velvet cake: 6", "action_flag": 2, "change_message": "[{\"changed\": {\"fields\": [\"Cart\"]}}]"}}, {"model": "admin.logentry", "pk": 267, "fields": {"action_time": "2023-08-30T09:52:13.834Z", "user": 1, "content_type": 15, "object_id": "237", "object_repr": " Chocolate chip cookies: 2", "action_flag": 2, "change_message": "[{\"changed\": {\"fields\": [\"Cart\"]}}]"}}, {"model": "admin.logentry", "pk": 268, "fields": {"action_time": "2023-08-30T10:05:05.376Z", "user": 1, "content_type": 15, "object_id": "242", "object_repr": " Egg roll: 5", "action_flag": 1, "change_message": "[{\"added\": {}}]"}}, {"model": "admin.logentry", "pk": 269, "fields": {"action_time": "2023-08-30T10:51:12.157Z", "user": 1, "content_type": 15, "object_id": "243", "object_repr": " Lemon Cake: 3", "action_flag": 1, "change_message": "[{\"added\": {}}]"}}, {"model": "admin.logentry", "pk": 270, "fields": {"action_time": "2023-08-30T13:35:10.818Z", "user": 1, "content_type": 15, "object_id": "243", "object_repr": " Lemon Cake: 3", "action_flag": 2, "change_message": "[{\"changed\": {\"fields\": [\"Cart\"]}}]"}}, {"model": "admin.logentry", "pk": 271, "fields": {"action_time": "2023-08-30T13:35:16.003Z", "user": 1, "content_type": 15, "object_id": "242", "object_repr": " Egg roll: 5", "action_flag": 2, "change_message": "[{\"changed\": {\"fields\": [\"Cart\"]}}]"}}, {"model": "admin.logentry", "pk": 272, "fields": {"action_time": "2023-08-30T13:35:21.411Z", "user": 1, "content_type": 15, "object_id": "241", "object_repr": " Red velvet cookies: 1", "action_flag": 2, "change_message": "[{\"changed\": {\"fields\": [\"Cart\"]}}]"}}, {"model": "admin.logentry", "pk": 273, "fields": {"action_time": "2023-08-30T13:35:24.629Z", "user": 1, "content_type": 15, "object_id": "241", "object_repr": " Red velvet cookies: 1", "action_flag": 2, "change_message": "[]"}}, {"model": "admin.logentry", "pk": 274, "fields": {"action_time": "2023-08-30T13:35:30.018Z", "user": 1, "content_type": 15, "object_id": "240", "object_repr": " Red velvet cupcake: 2", "action_flag": 2, "change_message": "[{\"changed\": {\"fields\": [\"Cart\"]}}]"}}, {"model": "admin.logentry", "pk": 275, "fields": {"action_time": "2023-08-30T13:35:35.664Z", "user": 1, "content_type": 15, "object_id": "239", "object_repr": " Red velvet cake: 7", "action_flag": 2, "change_message": "[{\"changed\": {\"fields\": [\"Cart\"]}}]"}}, {"model": "admin.logentry", "pk": 276, "fields": {"action_time": "2023-08-30T13:35:40.860Z", "user": 1, "content_type": 15, "object_id": "237", "object_repr": " Chocolate chip cookies: 2", "action_flag": 2, "change_message": "[{\"changed\": {\"fields\": [\"Cart\"]}}]"}}, {"model": "admin.logentry", "pk": 277, "fields": {"action_time": "2023-09-18T08:50:05.468Z", "user": 1, "content_type": 17, "object_id": "1", "object_repr": "Shipment object (1)", "action_flag": 1, "change_message": "[{\"added\": {}}]"}}, {"model": "admin.logentry", "pk": 278, "fields": {"action_time": "2023-09-18T08:52:07.098Z", "user": 1, "content_type": 17, "object_id": "1", "object_repr": "Kaduna", "action_flag": 2, "change_message": "[]"}}, {"model": "admin.logentry", "pk": 279, "fields": {"action_time": "2023-09-18T10:08:48.878Z", "user": 1, "content_type": 18, "object_id": "1", "object_repr": "Kaduna", "action_flag": 1, "change_message": "[{\"added\": {}}]"}}, {"model": "admin.logentry", "pk": 280, "fields": {"action_time": "2023-09-18T18:12:08.981Z", "user": 1, "content_type": 18, "object_id": "2", "object_repr": "Bauchi", "action_flag": 1, "change_message": "[{\"added\": {}}]"}}, {"model": "admin.logentry", "pk": 281, "fields": {"action_time": "2023-09-18T18:15:05.778Z", "user": 1, "content_type": 18, "object_id": "3", "object_repr": "Abuja", "action_flag": 1, "change_message": "[{\"added\": {}}]"}}, {"model": "admin.logentry", "pk": 282, "fields": {"action_time": "2023-09-18T18:16:05.020Z", "user": 1, "content_type": 18, "object_id": "4", "object_repr": "Plateau", "action_flag": 1, "change_message": "[{\"added\": {}}]"}}, {"model": "admin.logentry", "pk": 283, "fields": {"action_time": "2023-09-18T18:16:40.368Z", "user": 1, "content_type": 18, "object_id": "5", "object_repr": "Taraba", "action_flag": 1, "change_message": "[{\"added\": {}}]"}}, {"model": "admin.logentry", "pk": 284, "fields": {"action_time": "2023-09-18T18:50:25.935Z", "user": 1, "content_type": 18, "object_id": "1", "object_repr": "Kaduna", "action_flag": 2, "change_message": "[{\"changed\": {\"fields\": [\"Lga\"]}}]"}}, {"model": "admin.logentry", "pk": 285, "fields": {"action_time": "2023-10-16T08:59:11.928Z", "user": 1, "content_type": 9, "object_id": "17", "object_repr": "Puff puff", "action_flag": 2, "change_message": "[{\"changed\": {\"fields\": [\"LazyImage\"]}}]"}}, {"model": "admin.logentry", "pk": 286, "fields": {"action_time": "2023-10-16T09:04:54.566Z", "user": 1, "content_type": 9, "object_id": "11", "object_repr": "Chocolate cupcake", "action_flag": 2, "change_message": "[{\"changed\": {\"fields\": [\"Image\", \"LazyImage\"]}}]"}}, {"model": "admin.logentry", "pk": 287, "fields": {"action_time": "2024-03-06T09:41:11.023Z", "user": 1, "content_type": 19, "object_id": "1", "object_repr": "None: No. 1a, St Pirans street", "action_flag": 3, "change_message": ""}}, {"model": "admin.logentry", "pk": 288, "fields": {"action_time": "2024-04-02T17:50:13.760Z", "user": 1, "content_type": 16, "object_id": "160", "object_repr": "95777b9e-f821-4c73-b3c3-f5d9c9108a9a", "action_flag": 3, "change_message": ""}}, {"model": "admin.logentry", "pk": 289, "fields": {"action_time": "2024-04-03T07:44:03.210Z", "user": 1, "content_type": 19, "object_id": "3", "object_repr": "95777b9e-f821-4c73-b3c3-f5d9c9108a9a: None", "action_flag": 3, "change_message": ""}}, {"model": "admin.logentry", "pk": 290, "fields": {"action_time": "2024-04-07T12:10:17.298Z", "user": 1, "content_type": 19, "object_id": "5", "object_repr": "dd89d855-7341-473d-88cd-1bfcf3b8e934: None", "action_flag": 3, "change_message": ""}}, {"model": "auth.permission", "pk": 1, "fields": {"name": "Can add log entry", "content_type": 1, "codename": "add_logentry"}}, {"model": "auth.permission", "pk": 2, "fields": {"name": "Can change log entry", "content_type": 1, "codename": "change_logentry"}}, {"model": "auth.permission", "pk": 3, "fields": {"name": "Can delete log entry", "content_type": 1, "codename": "delete_logentry"}}, {"model": "auth.permission", "pk": 4, "fields": {"name": "Can view log entry", "content_type": 1, "codename": "view_logentry"}}, {"model": "auth.permission", "pk": 5, "fields": {"name": "Can add permission", "content_type": 2, "codename": "add_permission"}}, {"model": "auth.permission", "pk": 6, "fields": {"name": "Can change permission", "content_type": 2, "codename": "change_permission"}}, {"model": "auth.permission", "pk": 7, "fields": {"name": "Can delete permission", "content_type": 2, "codename": "delete_permission"}}, {"model": "auth.permission", "pk": 8, "fields": {"name": "Can view permission", "content_type": 2, "codename": "view_permission"}}, {"model": "auth.permission", "pk": 9, "fields": {"name": "Can add group", "content_type": 3, "codename": "add_group"}}, {"model": "auth.permission", "pk": 10, "fields": {"name": "Can change group", "content_type": 3, "codename": "change_group"}}, {"model": "auth.permission", "pk": 11, "fields": {"name": "Can delete group", "content_type": 3, "codename": "delete_group"}}, {"model": "auth.permission", "pk": 12, "fields": {"name": "Can view group", "content_type": 3, "codename": "view_group"}}, {"model": "auth.permission", "pk": 13, "fields": {"name": "Can add user", "content_type": 4, "codename": "add_user"}}, {"model": "auth.permission", "pk": 14, "fields": {"name": "Can change user", "content_type": 4, "codename": "change_user"}}, {"model": "auth.permission", "pk": 15, "fields": {"name": "Can delete user", "content_type": 4, "codename": "delete_user"}}, {"model": "auth.permission", "pk": 16, "fields": {"name": "Can view user", "content_type": 4, "codename": "view_user"}}, {"model": "auth.permission", "pk": 17, "fields": {"name": "Can add content type", "content_type": 5, "codename": "add_contenttype"}}, {"model": "auth.permission", "pk": 18, "fields": {"name": "Can change content type", "content_type": 5, "codename": "change_contenttype"}}, {"model": "auth.permission", "pk": 19, "fields": {"name": "Can delete content type", "content_type": 5, "codename": "delete_contenttype"}}, {"model": "auth.permission", "pk": 20, "fields": {"name": "Can view content type", "content_type": 5, "codename": "view_contenttype"}}, {"model": "auth.permission", "pk": 21, "fields": {"name": "Can add session", "content_type": 6, "codename": "add_session"}}, {"model": "auth.permission", "pk": 22, "fields": {"name": "Can change session", "content_type": 6, "codename": "change_session"}}, {"model": "auth.permission", "pk": 23, "fields": {"name": "Can delete session", "content_type": 6, "codename": "delete_session"}}, {"model": "auth.permission", "pk": 24, "fields": {"name": "Can view session", "content_type": 6, "codename": "view_session"}}, {"model": "auth.permission", "pk": 25, "fields": {"name": "Can add icing", "content_type": 7, "codename": "add_icing"}}, {"model": "auth.permission", "pk": 26, "fields": {"name": "Can change icing", "content_type": 7, "codename": "change_icing"}}, {"model": "auth.permission", "pk": 27, "fields": {"name": "Can delete icing", "content_type": 7, "codename": "delete_icing"}}, {"model": "auth.permission", "pk": 28, "fields": {"name": "Can view icing", "content_type": 7, "codename": "view_icing"}}, {"model": "auth.permission", "pk": 29, "fields": {"name": "Can add topping", "content_type": 8, "codename": "add_topping"}}, {"model": "auth.permission", "pk": 30, "fields": {"name": "Can change topping", "content_type": 8, "codename": "change_topping"}}, {"model": "auth.permission", "pk": 31, "fields": {"name": "Can delete topping", "content_type": 8, "codename": "delete_topping"}}, {"model": "auth.permission", "pk": 32, "fields": {"name": "Can view topping", "content_type": 8, "codename": "view_topping"}}, {"model": "auth.permission", "pk": 33, "fields": {"name": "Can add products", "content_type": 9, "codename": "add_products"}}, {"model": "auth.permission", "pk": 34, "fields": {"name": "Can change products", "content_type": 9, "codename": "change_products"}}, {"model": "auth.permission", "pk": 35, "fields": {"name": "Can delete products", "content_type": 9, "codename": "delete_products"}}, {"model": "auth.permission", "pk": 36, "fields": {"name": "Can view products", "content_type": 9, "codename": "view_products"}}, {"model": "auth.permission", "pk": 37, "fields": {"name": "Can add sizes", "content_type": 10, "codename": "add_sizes"}}, {"model": "auth.permission", "pk": 38, "fields": {"name": "Can change sizes", "content_type": 10, "codename": "change_sizes"}}, {"model": "auth.permission", "pk": 39, "fields": {"name": "Can delete sizes", "content_type": 10, "codename": "delete_sizes"}}, {"model": "auth.permission", "pk": 40, "fields": {"name": "Can view sizes", "content_type": 10, "codename": "view_sizes"}}, {"model": "auth.permission", "pk": 41, "fields": {"name": "Can add filling", "content_type": 11, "codename": "add_filling"}}, {"model": "auth.permission", "pk": 42, "fields": {"name": "Can change filling", "content_type": 11, "codename": "change_filling"}}, {"model": "auth.permission", "pk": 43, "fields": {"name": "Can delete filling", "content_type": 11, "codename": "delete_filling"}}, {"model": "auth.permission", "pk": 44, "fields": {"name": "Can view filling", "content_type": 11, "codename": "view_filling"}}, {"model": "auth.permission", "pk": 45, "fields": {"name": "Can add glaze", "content_type": 12, "codename": "add_glaze"}}, {"model": "auth.permission", "pk": 46, "fields": {"name": "Can change glaze", "content_type": 12, "codename": "change_glaze"}}, {"model": "auth.permission", "pk": 47, "fields": {"name": "Can delete glaze", "content_type": 12, "codename": "delete_glaze"}}, {"model": "auth.permission", "pk": 48, "fields": {"name": "Can view glaze", "content_type": 12, "codename": "view_glaze"}}, {"model": "auth.permission", "pk": 49, "fields": {"name": "Can add product type", "content_type": 13, "codename": "add_producttype"}}, {"model": "auth.permission", "pk": 50, "fields": {"name": "Can change product type", "content_type": 13, "codename": "change_producttype"}}, {"model": "auth.permission", "pk": 51, "fields": {"name": "Can delete product type", "content_type": 13, "codename": "delete_producttype"}}, {"model": "auth.permission", "pk": 52, "fields": {"name": "Can view product type", "content_type": 13, "codename": "view_producttype"}}, {"model": "auth.permission", "pk": 53, "fields": {"name": "Can add user", "content_type": 14, "codename": "add_user"}}, {"model": "auth.permission", "pk": 54, "fields": {"name": "Can change user", "content_type": 14, "codename": "change_user"}}, {"model": "auth.permission", "pk": 55, "fields": {"name": "Can delete user", "content_type": 14, "codename": "delete_user"}}, {"model": "auth.permission", "pk": 56, "fields": {"name": "Can view user", "content_type": 14, "codename": "view_user"}}, {"model": "auth.permission", "pk": 57, "fields": {"name": "Can add cartitem", "content_type": 15, "codename": "add_cartitem"}}, {"model": "auth.permission", "pk": 58, "fields": {"name": "Can change cartitem", "content_type": 15, "codename": "change_cartitem"}}, {"model": "auth.permission", "pk": 59, "fields": {"name": "Can delete cartitem", "content_type": 15, "codename": "delete_cartitem"}}, {"model": "auth.permission", "pk": 60, "fields": {"name": "Can view cartitem", "content_type": 15, "codename": "view_cartitem"}}, {"model": "auth.permission", "pk": 61, "fields": {"name": "Can add cart", "content_type": 16, "codename": "add_cart"}}, {"model": "auth.permission", "pk": 62, "fields": {"name": "Can change cart", "content_type": 16, "codename": "change_cart"}}, {"model": "auth.permission", "pk": 63, "fields": {"name": "Can delete cart", "content_type": 16, "codename": "delete_cart"}}, {"model": "auth.permission", "pk": 64, "fields": {"name": "Can view cart", "content_type": 16, "codename": "view_cart"}}, {"model": "auth.permission", "pk": 65, "fields": {"name": "Can add shipment", "content_type": 17, "codename": "add_shipment"}}, {"model": "auth.permission", "pk": 66, "fields": {"name": "Can change shipment", "content_type": 17, "codename": "change_shipment"}}, {"model": "auth.permission", "pk": 67, "fields": {"name": "Can delete shipment", "content_type": 17, "codename": "delete_shipment"}}, {"model": "auth.permission", "pk": 68, "fields": {"name": "Can view shipment", "content_type": 17, "codename": "view_shipment"}}, {"model": "auth.permission", "pk": 69, "fields": {"name": "Can add states", "content_type": 18, "codename": "add_states"}}, {"model": "auth.permission", "pk": 70, "fields": {"name": "Can change states", "content_type": 18, "codename": "change_states"}}, {"model": "auth.permission", "pk": 71, "fields": {"name": "Can delete states", "content_type": 18, "codename": "delete_states"}}, {"model": "auth.permission", "pk": 72, "fields": {"name": "Can view states", "content_type": 18, "codename": "view_states"}}, {"model": "auth.permission", "pk": 73, "fields": {"name": "Can add shipping address", "content_type": 19, "codename": "add_shippingaddress"}}, {"model": "auth.permission", "pk": 74, "fields": {"name": "Can change shipping address", "content_type": 19, "codename": "change_shippingaddress"}}, {"model": "auth.permission", "pk": 75, "fields": {"name": "Can delete shipping address", "content_type": 19, "codename": "delete_shippingaddress"}}, {"model": "auth.permission", "pk": 76, "fields": {"name": "Can view shipping address", "content_type": 19, "codename": "view_shippingaddress"}}, {"model": "auth.user", "pk": 1, "fields": {"password": "pbkdf2_sha256$600000$o6TYQP5tFZQC488M2I5raD$qZAHvYxxxiBRA8OTlSqeIqpps0DPa5hTzWcrOSsdh4s=", "last_login": "2024-04-07T12:09:51.037Z", "is_superuser": true, "username": "cecilia-89", "first_name": "", "last_name": "", "email": "catabong89@gmail.com", "is_staff": true, "is_active": true, "date_joined": "2023-06-17T22:17:25.797Z", "groups": [], "user_permissions": []}}, {"model": "contenttypes.contenttype", "pk": 1, "fields": {"app_label": "admin", "model": "logentry"}}, {"model": "contenttypes.contenttype", "pk": 2, "fields": {"app_label": "auth", "model": "permission"}}, {"model": "contenttypes.contenttype", "pk": 3, "fields": {"app_label": "auth", "model": "group"}}, {"model": "contenttypes.contenttype", "pk": 4, "fields": {"app_label": "auth", "model": "user"}}, {"model": "contenttypes.contenttype", "pk": 5, "fields": {"app_label": "contenttypes", "model": "contenttype"}}, {"model": "contenttypes.contenttype", "pk": 6, "fields": {"app_label": "sessions", "model": "session"}}, {"model": "contenttypes.contenttype", "pk": 7, "fields": {"app_label": "config", "model": "icing"}}, {"model": "contenttypes.contenttype", "pk": 8, "fields": {"app_label": "config", "model": "topping"}}, {"model": "contenttypes.contenttype", "pk": 9, "fields": {"app_label": "config", "model": "products"}}, {"model": "contenttypes.contenttype", "pk": 10, "fields": {"app_label": "config", "model": "sizes"}}, {"model": "contenttypes.contenttype", "pk": 11, "fields": {"app_label": "config", "model": "filling"}}, {"model": "contenttypes.contenttype", "pk": 12, "fields": {"app_label": "config", "model": "glaze"}}, {"model": "contenttypes.contenttype", "pk": 13, "fields": {"app_label": "config", "model": "producttype"}}, {"model": "contenttypes.contenttype", "pk": 14, "fields": {"app_label": "config", "model": "user"}}, {"model": "contenttypes.contenttype", "pk": 15, "fields": {"app_label": "config", "model": "cartitem"}}, {"model": "contenttypes.contenttype", "pk": 16, "fields": {"app_label": "config", "model": "cart"}}, {"model": "contenttypes.contenttype", "pk": 17, "fields": {"app_label": "config", "model": "shipment"}}, {"model": "contenttypes.contenttype", "pk": 18, "fields": {"app_label": "config", "model": "states"}}, {"model": "contenttypes.contenttype", "pk": 19, "fields": {"app_label": "config", "model": "shippingaddress"}}, {"model": "sessions.session", "pk": "06rhp399vod8g6402jluh4rj37f0u3xz", "fields": {"session_data": ".eJxVjMEOwiAQRP-FsyGwdCl49N5vIAtLpWpoUtqT8d9tkx70OPPezFsE2tYStpaXMLG4Ci0uv12k9Mz1APygep9lmuu6TFEeijxpk8PM-XU73b-DQq3s6x7Yk096RGMJQGGX0EEynVLI3gP17F1UTOg1WrYqOqMAwdg9jwnE5wu6WjZ9:1qAeF5:Xgd5gzo0Mv-RgHoy1MsKJdyDm3DP1zc13NlWtiwCOEk", "expire_date": "2023-07-01T22:17:59.991Z"}}, {"model": "config.topping", "pk": 1, "fields": {"name": "Sprinkles", "price": "0"}}, {"model": "config.topping", "pk": 2, "fields": {"name": "Oreo", "price": "1000"}}, {"model": "config.topping", "pk": 3, "fields": {"name": "Cake crumble", "price": "0"}}, {"model": "config.topping", "pk": 4, "fields": {"name": "Strawberry", "price": "500"}}, {"model": "config.topping", "pk": 5, "fields": {"name": "Grapes", "price": "1000"}}, {"model": "config.glaze", "pk": 1, "fields": {"name": "Chocolate", "price": "100"}}, {"model": "config.glaze", "pk": 2, "fields": {"name": "Sugar", "price": "0"}}, {"model": "config.glaze", "pk": 3, "fields": {"name": "Powdered sugar", "price": "0"}}, {"model": "config.glaze", "pk": 4, "fields": {"name": "Chocolate with spinkles", "price": "100"}}, {"model": "config.glaze", "pk": 5, "fields": {"name": "Sugar with sprinkles", "price": "100"}}, {"model": "config.filling", "pk": 1, "fields": {"name": "Peanut butter", "price": "100"}}, {"model": "config.filling", "pk": 2, "fields": {"name": "Chocolate", "price": "100"}}, {"model": "config.filling", "pk": 3, "fields": {"name": "Jam", "price": "0"}}, {"model": "config.sizes", "pk": 1, "fields": {"name": "6 inch", "price": "10000"}}, {"model": "config.sizes", "pk": 2, "fields": {"name": "9 inch", "price": "15000"}}, {"model": "config.icing", "pk": 1, "fields": {"name": "Butter cream", "price": "0"}}, {"model": "config.icing", "pk": 2, "fields": {"name": "Whipped cream", "price": "3000"}}, {"model": "config.producttype", "pk": 1, "fields": {"product_name": "Cakes", "banner_text": "Our cakes bring layers of joy (and rich buttercream frosting) to any occasion with flavors for every type of sweets-lover. From classics to limited-time creations all of our beautifully decorated cakes are made the old-fashioned way: from scratch and with love.", "banner_image": "images/cakes.jpg", "image": "images/cake_bLY16QR.jpg", "parameter": "cakes"}}, {"model": "config.producttype", "pk": 2, "fields": {"product_name": "Cookies", "banner_text": "Experience the pleasure of savoring an enticing array of flavors, thoughtfully selected to cater to your distinct tastes. Our diverse selection ranges from beloved classics such as chocolate chip and velvety shortbread to indulgent masterpieces like the luscious salted caramel and irresistibly chewy oatmeal raisin.", "banner_image": "images/delicious-cookies-with-glass-milk_BnGbwUs.jpg", "image": "images/chocolate-chip-cookies.jpg", "parameter": "cookies"}}, {"model": "config.producttype", "pk": 3, "fields": {"product_name": "Cup cakes", "banner_text": "Indulge in a variety of irresistible flavors that cater to all tastes and preferences. From classic favorites like velvety chocolate and creamy vanilla to gourmet combinations like zesty lemon and velvety red velvet, there\\'s a cupcake to satisfy every craving.'", "banner_image": "images/cupcakes-decorated-whipped-cream-frozen-raspberries_kgP6QOR.jpg", "image": "images/chocolate-chip-muffin.jpg", "parameter": "cup-cakes"}}, {"model": "config.producttype", "pk": 4, "fields": {"product_name": "Pasteries", "banner_text": "Each bite is a perfect balance of taste and texture, carefully designed to impress. Whether you\\'re hosting a social gathering, enjoying a casual get-together, or simply treating yourself to a quick snack, our finger foods are the ideal choice for effortless entertainment and pure enjoyment.", "banner_image": "images/side-view-puff-pastries-with-ground-meat-sesame-seeds-shortcakes-filled-with-mash_zyeRjmH.jpg", "image": "images/sugar_glazed_with_sprinkles.jpg", "parameter": "pasteries"}}, {"model": "config.producttype", "pk": 5, "fields": {"product_name": "Finger foods", "banner_text": "Indulge in a tantalizing assortment of culinary treasures with our delectable selection of finger foods. These bite-sized delights offer a world of flavors and textures, meticulously crafted to ignite your taste buds. From crispy and savory options to delicate and elegant creations, each morsel is a miniature masterpiece designed to deliver an explosion of taste in every bite.", "banner_image": "images/samsa-samosas-with-meat.jpg", "image": "images/18_Nigerian_party_appetizers_small_chops_-_The_Pretend_Chef_1_1_1_1_1_1_1_1.png", "parameter": "finger-foods"}}, {"model": "config.products", "pk": 1, "fields": {"name": "Meat pie", "image": "images/meat_pie.jpeg", "lazyImage": "images/placeholder-1-1.webp", "description": "These golden-brown pastry wonders encase a delectable filling of seasoned minced meat, onions, and a medley of aromatic spices, all expertly blended to create a savory symphony of flavors.", "unit_price": "350", "product_type": 4}}, {"model": "config.products", "pk": 2, "fields": {"name": "Red velvet cake", "image": "images/Red-Velvet-Cake-Recipe-16-824x1024.jpeg", "lazyImage": "images/placeholder-1-1.webp", "description": "Known for its rich, velvety texture and deep, vibrant red color, often paired with a luscious cream cheese frosting.", "unit_price": "10000", "product_type": 1}}, {"model": "config.products", "pk": 3, "fields": {"name": "Carrot cake", "image": "images/Vegan-carrot-cake-2.webp", "lazyImage": "images/placeholder-1-1.webp", "description": "Carrot cake is a moist and flavorful dessert that combines the sweetness of carrots with warm spices like cinnamon and nutmeg, typically topped with a delicious cream cheese frosting.", "unit_price": "12000", "product_type": 1}}, {"model": "config.products", "pk": 4, "fields": {"name": "Coconut cake", "image": "images/Coconut-Cake-Recipe-Card_0QrzWAN.jpg", "lazyImage": "images/placeholder-1-1.webp", "description": "Our coconut cake is a tropical delight, featuring layers of tender, moist cake infused with the aromatic flavor of coconut and adorned with a fluffy coconut frosting or a sprinkle of toasted coconut for added texture.", "unit_price": "12000", "product_type": 1}}, {"model": "config.products", "pk": 5, "fields": {"name": "Lemon Cake", "image": "images/Lemon-Cake-thumbnail-scaled_LkRWvkG.jpg", "lazyImage": "images/placeholder-1-1.webp", "description": "A refreshing delight, boasting a bright and zesty flavor that perfectly complements its moist and tender texture, often topped with a tangy lemon glaze or a velvety lemon buttercream frosting.", "unit_price": "12000", "product_type": 1}}, {"model": "config.products", "pk": 6, "fields": {"name": "Samosa", "image": "images/samosa_bbS2EDy.jpg", "lazyImage": "images/placeholder-1-1.webp", "description": "Features a crispy, golden-brown pastry shell filled with a delicious mixture of spiced potatoes, peas, and sometimes minced meat, creating a flavorful and satisfying culinary experience.", "unit_price": "150", "product_type": 5}}, {"model": "config.products", "pk": 7, "fields": {"name": "Spring roll", "image": "images/651c3993a8bc3b3e798efc56110d7f2a_btX4n5g.jpeg", "lazyImage": "images/placeholder-1-1.webp", "description": "A delectable appetizer with a Nigerian twist, consisting of a thin, crispy wrapper filled with a savory mixture of seasoned vegetables, meat, and sometimes shrimp, providing a delightful burst of flavors and textures with each bite.", "unit_price": "150", "product_type": 5}}, {"model": "config.products", "pk": 8, "fields": {"name": "Fish roll", "image": "images/FishRoll.jpg", "lazyImage": "images/placeholder-1-1.webp", "description": "A mouthwatering pastry treat commonly enjoyed in West Africa, filled with a flavorful mixture of seasoned fish, onions, and spices, wrapped in a golden, flaky crust that offers a delightful blend of savory and satisfying flavors.", "unit_price": "300", "product_type": 4}}, {"model": "config.products", "pk": 9, "fields": {"name": "Egg roll", "image": "images/maxresdefault.jpg", "lazyImage": "images/placeholder-1-1.webp", "description": "Our egg roll features a crispy, deep-fried wrapper enveloping a savory filling of scrambled eggs, vegetables, and often minced meat, creating a delightful combination of textures and flavors that is perfect for snacking or as part of a meal.", "unit_price": "350", "product_type": 4}}, {"model": "config.products", "pk": 10, "fields": {"name": "Vanilla cupcake", "image": "images/vanilla_cupcakes_n0GoqfM.webp", "lazyImage": "images/placeholder-1-1.webp", "description": "A classic baked delight, featuring fluffy, moist cake infused with the sweet and fragrant essence of vanilla, often crowned with a swirl of smooth vanilla buttercream frosting, making them a delightful treat for any occasion.", "unit_price": "200", "product_type": 3}}, {"model": "config.products", "pk": 11, "fields": {"name": "Chocolate cupcake", "image": "images/chocolate_cupcakes_bIJRwhY.jpg", "lazyImage": "images/chocolate_cupcakes_iwlIh4A.jpg", "description": "Our chocolate cupcakes are a decadent indulgence, with moist and rich chocolate cake that melts in your mouth, often topped with luscious chocolate ganache or creamy chocolate frosting, providing a heavenly experience for all chocolate lovers.", "unit_price": "300", "product_type": 3}}, {"model": "config.products", "pk": 12, "fields": {"name": "Red velvet cupcake", "image": "images/red_velvet_cupcakes_05xcn5L.jpg", "lazyImage": "images/placeholder-1-1.webp", "description": "A luxurious delight, with their velvety texture, hint of cocoa, and vibrant red color, typically adorned with a generous dollop of cream cheese frosting that perfectly complements the subtle tanginess of the cake, making them an irresistible treat for any dessert enthusiast.", "unit_price": "250", "product_type": 3}}, {"model": "config.products", "pk": 13, "fields": {"name": "Chocolate chip cookies", "image": "images/pumpkin-chocolate-chip-cookies-horizontal-1529964207.jpg", "lazyImage": "images/placeholder-1-1.webp", "description": "A timeless classic, featuring a perfect balance of chewy and crispy textures, studded with delectable pockets of melted chocolate, providing a nostalgic and irresistible treat that never fails to bring comfort and delight.", "unit_price": "150", "product_type": 2}}, {"model": "config.products", "pk": 14, "fields": {"name": "Fudgy chocolate cookies", "image": "images/cookies_y6zSmHt.jpg", "lazyImage": "images/placeholder-1-1.webp", "description": "Our chocolate fudgy cookies are a chocolate lover's dream, with their dense and chewy texture, intensely rich cocoa flavor, and gooey melted chocolate chunks throughout, offering a delightful indulgence that satisfies the most intense chocolate cravings.", "unit_price": "200", "product_type": 2}}, {"model": "config.products", "pk": 15, "fields": {"name": "Red velvet cookies", "image": "images/red_velvet_cookies_c5O0BOa.jpg", "lazyImage": "images/placeholder-1-1.webp", "description": "A delightful twist on the classic cake, showcasing a soft and chewy texture with a hint of cocoa, complemented by the signature vibrant red color and studded with white chocolate chips, resulting in a delectable treat that combines the best of both worlds.", "unit_price": "150", "product_type": 2}}, {"model": "config.products", "pk": 16, "fields": {"name": "Vanilla cookies", "image": "images/Vanilla_cookies_ZjdIz1F.jpg", "lazyImage": "images/placeholder-1-1.webp", "description": "A buttery and crumbly texture that melts in your mouth, infused with the sweet and aromatic essence of vanilla, providing a comforting and nostalgic treat that pairs perfectly with a cup of tea or coffee.", "unit_price": "100", "product_type": 2}}, {"model": "config.products", "pk": 17, "fields": {"name": "Puff puff", "image": "images/puffpuff-nigerian_zEVsoMN.webp", "lazyImage": "images/puffpuff-nigerian1.jpg", "description": "Golden and crispy on the outside, while light and fluffy on the inside, with a touch of sweetness and a hint of nutmeg or other spices, making it an addictive and beloved treat in Nigerian cuisine.", "unit_price": "50", "product_type": 5}}, {"model": "config.products", "pk": 18, "fields": {"name": "Strawberry cake", "image": "images/Strawberry-Cake-Recipe-Card.jpg", "lazyImage": "images/placeholder-1-1.webp", "description": "Moist layers of vanilla cake are embraced by a luscious strawberry filling, topped with creamy frosting and adorned with fresh strawberries. Every bite is a burst of sweetness and the perfect treat for strawberry lovers.", "unit_price": "11000", "product_type": 1}}, {"model": "config.user", "pk": 1, "fields": {"user": null}}, {"model": "config.cart", "pk": 139, "fields": {"session_id": "c4fb2eac-9f39-474c-9e82-06c142463f2b", "ordered": true, "date_ordered": null}}, {"model": "config.cart", "pk": 140, "fields": {"session_id": "dd89d855-7341-473d-88cd-1bfcf3b8e934", "ordered": false, "date_ordered": null}}, {"model": "config.cart", "pk": 141, "fields": {"session_id": "d8ab1e7a-16d9-46a6-9a4c-9232a6de7b68", "ordered": false, "date_ordered": null}}, {"model": "config.cart", "pk": 142, "fields": {"session_id": "6cf6bb20-96cc-4a01-bcb7-8d270bec9a60", "ordered": false, "date_ordered": null}}, {"model": "config.cart", "pk": 143, "fields": {"session_id": "9e2d8093-357e-45f5-ba9c-af809dfcffa8", "ordered": false, "date_ordered": null}}, {"model": "config.cart", "pk": 144, "fields": {"session_id": "05bb4f48-dc15-484c-9899-134081c46f4f", "ordered": false, "date_ordered": null}}, {"model": "config.cart", "pk": 145, "fields": {"session_id": "7fcea01b-505d-4bdf-a6f6-424146a8f14b", "ordered": false, "date_ordered": null}}, {"model": "config.cart", "pk": 146, "fields": {"session_id": "6b5f03ca-81bf-48d9-b0e2-1784ecc61eb2", "ordered": false, "date_ordered": null}}, {"model": "config.cart", "pk": 147, "fields": {"session_id": "a11b440c-a170-40dd-8076-539625d504e5", "ordered": false, "date_ordered": null}}, {"model": "config.cart", "pk": 148, "fields": {"session_id": "8944a684-96b8-4149-82ee-a77a0c723e13", "ordered": false, "date_ordered": null}}, {"model": "config.cart", "pk": 149, "fields": {"session_id": "1dcbadd3-bc32-40fa-be0b-91d426af5efd", "ordered": false, "date_ordered": null}}, {"model": "config.cart", "pk": 150, "fields": {"session_id": "de736ded-ca4e-45d6-bd98-b7d46fb9113a", "ordered": false, "date_ordered": null}}, {"model": "config.cart", "pk": 151, "fields": {"session_id": "979a30b0-a65e-4365-9938-93ae7002d92e", "ordered": false, "date_ordered": null}}, {"model": "config.cart", "pk": 152, "fields": {"session_id": "394df720-f719-4488-9ab9-62cdc890b0c2", "ordered": false, "date_ordered": null}}, {"model": "config.cart", "pk": 153, "fields": {"session_id": "499a29c8-4614-4952-958d-775eadeed8b0", "ordered": false, "date_ordered": null}}, {"model": "config.cart", "pk": 154, "fields": {"session_id": "0f258e92-7563-46d9-8b32-fdc366975342", "ordered": false, "date_ordered": null}}, {"model": "config.cart", "pk": 155, "fields": {"session_id": "f13bebf5-51cb-4feb-9195-52f643b730e1", "ordered": false, "date_ordered": null}}, {"model": "config.cart", "pk": 156, "fields": {"session_id": "da520a80-270a-4159-90e2-7b267bc75c55", "ordered": false, "date_ordered": null}}, {"model": "config.cart", "pk": 157, "fields": {"session_id": "5c36e9ff-bed5-4e38-9f25-a63db0269e0b", "ordered": false, "date_ordered": null}}, {"model": "config.cart", "pk": 158, "fields": {"session_id": "92e56233-7384-4d78-aacd-168df484ccee", "ordered": false, "date_ordered": null}}, {"model": "config.cart", "pk": 159, "fields": {"session_id": "5bbdc24d-8ec3-48b6-9df4-28be1293f63c", "ordered": false, "date_ordered": null}}, {"model": "config.cart", "pk": 161, "fields": {"session_id": "95777b9e-f821-4c73-b3c3-f5d9c9108a9a", "ordered": false, "date_ordered": null}}, {"model": "config.cart", "pk": 162, "fields": {"session_id": "98yth", "ordered": false, "date_ordered": null}}, {"model": "config.cartitem", "pk": 239, "fields": {"cart": 140, "item": 2, "quantity": 8}}, {"model": "config.cartitem", "pk": 240, "fields": {"cart": 140, "item": 12, "quantity": 2}}, {"model": "config.cartitem", "pk": 241, "fields": {"cart": 140, "item": 15, "quantity": 1}}, {"model": "config.cartitem", "pk": 243, "fields": {"cart": 139, "item": 5, "quantity": 4}}, {"model": "config.cartitem", "pk": 244, "fields": {"cart": 139, "item": 2, "quantity": 3}}, {"model": "config.cartitem", "pk": 245, "fields": {"cart": 140, "item": 1, "quantity": 1}}, {"model": "config.cartitem", "pk": 246, "fields": {"cart": 139, "item": 11, "quantity": 1}}, {"model": "config.cartitem", "pk": 247, "fields": {"cart": 139, "item": 10, "quantity": 1}}, {"model": "config.cartitem", "pk": 248, "fields": {"cart": 139, "item": 7, "quantity": 2}}, {"model": "config.cartitem", "pk": 249, "fields": {"cart": 143, "item": 15, "quantity": 1}}, {"model": "config.cartitem", "pk": 250, "fields": {"cart": 143, "item": 3, "quantity": 1}}, {"model": "config.cartitem", "pk": 251, "fields": {"cart": 144, "item": 18, "quantity": 1}}, {"model": "config.cartitem", "pk": 252, "fields": {"cart": 149, "item": 8, "quantity": 11}}, {"model": "config.cartitem", "pk": 253, "fields": {"cart": 150, "item": 1, "quantity": 5}}, {"model": "config.cartitem", "pk": 254, "fields": {"cart": 152, "item": 17, "quantity": 15}}, {"model": "config.cartitem", "pk": 255, "fields": {"cart": 153, "item": 9, "quantity": 18}}, {"model": "config.cartitem", "pk": 256, "fields": {"cart": 155, "item": 5, "quantity": 1}}, {"model": "config.cartitem", "pk": 257, "fields": {"cart": 157, "item": 4, "quantity": 1}}, {"model": "config.cartitem", "pk": 258, "fields": {"cart": 158, "item": 2, "quantity": 1}}, {"model": "config.cartitem", "pk": 259, "fields": {"cart": 159, "item": 3, "quantity": 8}}, {"model": "config.cartitem", "pk": 260, "fields": {"cart": 159, "item": 17, "quantity": 1}}, {"model": "config.cartitem", "pk": 261, "fields": {"cart": 159, "item": 9, "quantity": 1}}, {"model": "config.cartitem", "pk": 262, "fields": {"cart": 161, "item": 2, "quantity": 1}}, {"model": "config.states", "pk": 1, "fields": {"state": "Kaduna", "lga": ["Birnin Gwari", "Chikun", "Giwa", "Ikara", "Igabi", "Jaba", "Jema'a", "Kachia", "Kaduna North", "Kaduna South", "Kagarko", "Kajuru", "Kaura", "Kauru", "Kubau", "Kudan", "Lere", "Makarfi", "Sabon Gari", "Sanga", "Soba", "Zangon Kataf", "Zaria"]}}, {"model": "config.states", "pk": 2, "fields": {"state": "Bauchi", "lga": ["Alkaleri", "Bauchi", "Bogoro", "Damban", "Darazo", "Dass", "Gamawa", "Ganjuwa", "Giade", "Itas/Gadau", "Jama'are", "Katagum", "Kirfi", "Misau", "Ningi", "Shira", "Tafawa Balewa", "Toro", "Warji", "Zaki"]}}, {"model": "config.states", "pk": 3, "fields": {"state": "Abuja", "lga": ["Abaji", "Bwari", "Gwagwalada", "Kuje", "Kwali", "Municipal Area Council"]}}, {"model": "config.states", "pk": 4, "fields": {"state": "Plateau", "lga": ["Bokkos", "Barkin Ladi", "Bassa", "Jos East", "Jos North", "Jos South", "Kanam", "Kanke", "Langtang South", "Langtang North", "Mangu", "Mikang", "Pankshin", "Qua'an Pan", "Riyom", "Shendam", "Wase"]}}, {"model": "config.states", "pk": 5, "fields": {"state": "Taraba", "lga": ["Ardo Kola", "Bali", "Donga", "Gashaka", "Gassol", "Ibi", "Jalingo", "Karim Lamido", "Kumi", "Lau", "Sardauna", "Takum", "Ussa", "Wukari", "Yorro", "Zing"]}}, {"model": "config.shippingaddress", "pk": 2, "fields": {"session_id": "92e56233-7384-4d78-aacd-168df484ccee", "address": "No. 1a, St Pirans street", "firstName": "Cecilia", "lastName": "Atabong", "phone": "09054521389", "price": "6308", "state": "Taraba", "lga": "Sardauna", "email": "catabong89@gmail.com", "deliveryDate": "2024-04-11T23:00:00Z"}}, {"model": "config.shippingaddress", "pk": 4, "fields": {"session_id": "95777b9e-f821-4c73-b3c3-f5d9c9108a9a", "address": "No. 1a, St Pirans street", "firstName": "Cecilia", "lastName": "Atabong", "phone": "09054521389", "price": "3413", "state": "Abuja", "lga": "Gwagwalada", "email": "catabong89@gmail.com", "deliveryDate": "2024-06-12T23:00:00Z"}}, {"model": "config.shippingaddress", "pk": 6, "fields": {"session_id": "dd89d855-7341-473d-88cd-1bfcf3b8e934", "address": "No. 3a, Yelwa street, Bauchi", "firstName": "John", "lastName": "Doe", "phone": "0908767890", "price": "1678", "state": "Bauchi", "lga": "Bauchi", "email": "johndoe89@yahoo.com", "deliveryDate": "2024-04-17T23:00:00Z"}}]